original_path	archived_path	reason
experiments/cross_domain/results/battle_smoke_1778420580.json	experiments/cross_domain/results/_soft_deleted_20260517/old_prefix_and_smoke/battle_smoke_1778420580.json	smoke/pre-structural diagnostic run; superseded by structural_simple_v1 critical runs
experiments/cross_domain/results/battle_inject_smoke_1778505415.json	experiments/cross_domain/results/_soft_deleted_20260517/old_prefix_and_smoke/battle_inject_smoke_1778505415.json	smoke/pre-structural diagnostic run; superseded by structural_simple_v1 critical runs
experiments/cross_domain/results/battle_inject_smoke_1778505603.json	experiments/cross_domain/results/_soft_deleted_20260517/old_prefix_and_smoke/battle_inject_smoke_1778505603.json	smoke/pre-structural diagnostic run; superseded by structural_simple_v1 critical runs
experiments/cross_domain/results/battle_inject_memory_stress_smoke_1778507889.json	experiments/cross_domain/results/_soft_deleted_20260517/old_prefix_and_smoke/battle_inject_memory_stress_smoke_1778507889.json	memory_stress smoke/pre-fix diagnostic; not paper main result
experiments/cross_domain/results/battle_inject_memory_stress_smoke_1778508085.json	experiments/cross_domain/results/_soft_deleted_20260517/old_prefix_and_smoke/battle_inject_memory_stress_smoke_1778508085.json	memory_stress smoke/pre-fix diagnostic; not paper main result
experiments/cross_domain/results/battle_inject_memory_stress_smoke_handoff_invariant_rankednaive_samcgsonly_convergence_trace_smoke_20260514_1778721201.json	experiments/cross_domain/results/_soft_deleted_20260517/old_prefix_and_smoke/battle_inject_memory_stress_smoke_handoff_invariant_rankednaive_samcgsonly_convergence_trace_smoke_20260514_1778721201.json	memory_stress smoke/pre-fix diagnostic; not paper main result
experiments/cross_domain/results/battle_inject_memory_stress_smoke_handoff_invariant_rankednaive_samcgsonly_convergence_trace_smoke_20260514_1778721201.partial.json	experiments/cross_domain/results/_soft_deleted_20260517/old_prefix_and_smoke/battle_inject_memory_stress_smoke_handoff_invariant_rankednaive_samcgsonly_convergence_trace_smoke_20260514_1778721201.partial.json	memory_stress smoke/pre-fix diagnostic; not paper main result
experiments/cross_domain/results/battle_inject_memory_stress_smoke_handoff_invariant_rankednaive_samcgsonly_local_subgraph_smoke_20260514_1778717765.json	experiments/cross_domain/results/_soft_deleted_20260517/old_prefix_and_smoke/battle_inject_memory_stress_smoke_handoff_invariant_rankednaive_samcgsonly_local_subgraph_smoke_20260514_1778717765.json	memory_stress smoke/pre-fix diagnostic; not paper main result
experiments/cross_domain/results/battle_inject_memory_stress_smoke_handoff_invariant_rankednaive_samcgsonly_local_subgraph_smoke_20260514_1778717765.partial.json	experiments/cross_domain/results/_soft_deleted_20260517/old_prefix_and_smoke/battle_inject_memory_stress_smoke_handoff_invariant_rankednaive_samcgsonly_local_subgraph_smoke_20260514_1778717765.partial.json	memory_stress smoke/pre-fix diagnostic; not paper main result
experiments/cross_domain/results/battle_inject_1778506612.json	experiments/cross_domain/results/_soft_deleted_20260517/old_prefix_and_smoke/battle_inject_1778506612.json	explicit UDIP sanity check; retained only as appendix if needed
experiments/cross_domain/results/battle_inject_memory_stress_1778573924.json	experiments/cross_domain/results/_soft_deleted_20260517/old_prefix_and_smoke/battle_inject_memory_stress_1778573924.json	old memory_stress explicit/leaky profile; superseded by structural_simple_v1
experiments/cross_domain/results/battle_inject_memory_stress_1778575956.json	experiments/cross_domain/results/_soft_deleted_20260517/old_prefix_and_smoke/battle_inject_memory_stress_1778575956.json	old memory_stress explicit/leaky profile; superseded by structural_simple_v1
experiments/cross_domain/results/battle_inject_memory_stress_1778577960.json	experiments/cross_domain/results/_soft_deleted_20260517/old_prefix_and_smoke/battle_inject_memory_stress_1778577960.json	old memory_stress explicit/leaky profile; superseded by structural_simple_v1
experiments/cross_domain/results/battle_1778339091.json	experiments/cross_domain/results/_soft_deleted_20260517/old_prefix_and_smoke/battle_1778339091.json	old battle/preliminary result; superseded by current critical runs
experiments/cross_domain/results/battle_v2_1778421796.json	experiments/cross_domain/results/_soft_deleted_20260517/old_prefix_and_smoke/battle_v2_1778421796.json	old battle_v2 result; superseded by current critical runs
experiments/cross_domain/results/battle_b60_1778423887.json	experiments/cross_domain/results/_soft_deleted_20260517/old_prefix_and_smoke/battle_b60_1778423887.json	old budget rerun; not final frozen setting
experiments/cross_domain/results/cross_domain_preliminary_1778317791.json	experiments/cross_domain/results/_soft_deleted_20260517/old_prefix_and_smoke/cross_domain_preliminary_1778317791.json	old preliminary cross-domain run; superseded
experiments/cross_domain/results/cross_domain_preliminary_1778319375.json	experiments/cross_domain/results/_soft_deleted_20260517/old_prefix_and_smoke/cross_domain_preliminary_1778319375.json	old preliminary cross-domain run; superseded
experiments/cross_domain/results/cross_domain_preliminary_1778319537.json	experiments/cross_domain/results/_soft_deleted_20260517/old_prefix_and_smoke/cross_domain_preliminary_1778319537.json	old preliminary cross-domain run; superseded
experiments/cross_domain/results/cross_domain_preliminary_1778493250.json	experiments/cross_domain/results/_soft_deleted_20260517/old_prefix_and_smoke/cross_domain_preliminary_1778493250.json	old preliminary cross-domain run; superseded
experiments/cross_domain/results/cross_domain_sim_1778317913.json	experiments/cross_domain/results/_soft_deleted_20260517/old_prefix_and_smoke/cross_domain_sim_1778317913.json	simulation/preliminary run; not paper result
experiments/cross_domain/results/larger_sccs_1778335517.json	experiments/cross_domain/results/_soft_deleted_20260517/old_prefix_and_smoke/larger_sccs_1778335517.json	old larger SCC exploratory run; superseded
experiments/cross_domain/results/wiki_oc_test_1778333840.json	experiments/cross_domain/results/_soft_deleted_20260517/old_prefix_and_smoke/wiki_oc_test_1778333840.json	Wikipedia OC diagnostic; Wikipedia excluded from main results
experiments/cross_domain/results/battle_inject_memory_stress_rankednaive_1778588894.json	experiments/cross_domain/results/_soft_deleted_20260517/old_ranked_naive/battle_inject_memory_stress_rankednaive_1778588894.json	old ranked-naive / score-only baseline; known order/parity artifact
experiments/cross_domain/results/battle_inject_memory_stress_rankednaive_1778589744.json	experiments/cross_domain/results/_soft_deleted_20260517/old_ranked_naive/battle_inject_memory_stress_rankednaive_1778589744.json	old ranked-naive / score-only baseline; known order/parity artifact
experiments/cross_domain/results/battle_inject_memory_stress_rankednaive_1778592414.json	experiments/cross_domain/results/_soft_deleted_20260517/old_ranked_naive/battle_inject_memory_stress_rankednaive_1778592414.json	old ranked-naive / score-only baseline; known order/parity artifact
experiments/cross_domain/results/battle_inject_memory_stress_rankednaive_1778657979.json	experiments/cross_domain/results/_soft_deleted_20260517/old_ranked_naive/battle_inject_memory_stress_rankednaive_1778657979.json	old ranked-naive / score-only baseline; known order/parity artifact
experiments/cross_domain/results/battle_inject_memory_stress_rankednaive_naiveonly_1778592330.json	experiments/cross_domain/results/_soft_deleted_20260517/old_ranked_naive/battle_inject_memory_stress_rankednaive_naiveonly_1778592330.json	old ranked-naive / score-only baseline; known order/parity artifact
experiments/cross_domain/results/battle_inject_memory_stress_rankednaive_naiveonly_1778592992.json	experiments/cross_domain/results/_soft_deleted_20260517/old_ranked_naive/battle_inject_memory_stress_rankednaive_naiveonly_1778592992.json	old ranked-naive / score-only baseline; known order/parity artifact
experiments/cross_domain/results/battle_inject_memory_stress_rankednaive_naiveonly_1778594683.json	experiments/cross_domain/results/_soft_deleted_20260517/old_ranked_naive/battle_inject_memory_stress_rankednaive_naiveonly_1778594683.json	old ranked-naive / score-only baseline; known order/parity artifact
experiments/cross_domain/results/battle_inject_memory_stress_rankednaive_naiveonly_1778595314.json	experiments/cross_domain/results/_soft_deleted_20260517/old_ranked_naive/battle_inject_memory_stress_rankednaive_naiveonly_1778595314.json	old ranked-naive / score-only baseline; known order/parity artifact
experiments/cross_domain/results/battle_inject_memory_stress_rankednaive_naiveonly_1778596005.json	experiments/cross_domain/results/_soft_deleted_20260517/old_ranked_naive/battle_inject_memory_stress_rankednaive_naiveonly_1778596005.json	old ranked-naive / score-only baseline; known order/parity artifact
experiments/cross_domain/results/battle_inject_memory_stress_rankednaive_naiveonly_1778646099.json	experiments/cross_domain/results/_soft_deleted_20260517/old_ranked_naive/battle_inject_memory_stress_rankednaive_naiveonly_1778646099.json	old ranked-naive / score-only baseline; known order/parity artifact
experiments/cross_domain/results/battle_inject_memory_stress_rankednaive_naiveonly_1778646223.json	experiments/cross_domain/results/_soft_deleted_20260517/old_ranked_naive/battle_inject_memory_stress_rankednaive_naiveonly_1778646223.json	old ranked-naive / score-only baseline; known order/parity artifact
experiments/cross_domain/results/battle_inject_memory_stress_rankednaive_naiveonly_1778646402.json	experiments/cross_domain/results/_soft_deleted_20260517/old_ranked_naive/battle_inject_memory_stress_rankednaive_naiveonly_1778646402.json	old ranked-naive / score-only baseline; known order/parity artifact
experiments/cross_domain/results/battle_inject_memory_stress_rankednaive_naiveonly_1778646650.json	experiments/cross_domain/results/_soft_deleted_20260517/old_ranked_naive/battle_inject_memory_stress_rankednaive_naiveonly_1778646650.json	old ranked-naive / score-only baseline; known order/parity artifact
experiments/cross_domain/results/battle_inject_memory_stress_rankednaive_naiveonly_1778652713.json	experiments/cross_domain/results/_soft_deleted_20260517/old_ranked_naive/battle_inject_memory_stress_rankednaive_naiveonly_1778652713.json	old ranked-naive / score-only baseline; known order/parity artifact
experiments/cross_domain/results/battle_inject_memory_stress_rankednaive_samcgsonly_1778653231.json	experiments/cross_domain/results/_soft_deleted_20260517/old_ranked_naive/battle_inject_memory_stress_rankednaive_samcgsonly_1778653231.json	old ranked-naive / score-only baseline; known order/parity artifact
experiments/cross_domain/results/battle_inject_memory_stress_condition_trigger_rankednaive_naiveonly_condition_trigger_debian_deepseek-v3_12_1778659479455_1778659538.json	experiments/cross_domain/results/_soft_deleted_20260517/old_ranked_naive/battle_inject_memory_stress_condition_trigger_rankednaive_naiveonly_condition_trigger_debian_deepseek-v3_12_1778659479455_1778659538.json	old ranked-naive / naive-only calibration; superseded by direct-subgraph baseline
experiments/cross_domain/results/battle_inject_memory_stress_condition_trigger_rankednaive_naiveonly_condition_trigger_debian_deepseek-v3_16_1778659496878_1778659554.json	experiments/cross_domain/results/_soft_deleted_20260517/old_ranked_naive/battle_inject_memory_stress_condition_trigger_rankednaive_naiveonly_condition_trigger_debian_deepseek-v3_16_1778659496878_1778659554.json	old ranked-naive / naive-only calibration; superseded by direct-subgraph baseline
experiments/cross_domain/results/battle_inject_memory_stress_condition_trigger_rankednaive_naiveonly_condition_trigger_debian_deepseek-v3_24_1778659525374_1778659733.json	experiments/cross_domain/results/_soft_deleted_20260517/old_ranked_naive/battle_inject_memory_stress_condition_trigger_rankednaive_naiveonly_condition_trigger_debian_deepseek-v3_24_1778659525374_1778659733.json	old ranked-naive / naive-only calibration; superseded by direct-subgraph baseline
experiments/cross_domain/results/battle_inject_memory_stress_condition_trigger_rankednaive_naiveonly_condition_trigger_debian_deepseek-v3_5_1778659447042_1778659479.json	experiments/cross_domain/results/_soft_deleted_20260517/old_ranked_naive/battle_inject_memory_stress_condition_trigger_rankednaive_naiveonly_condition_trigger_debian_deepseek-v3_5_1778659447042_1778659479.json	old ranked-naive / naive-only calibration; superseded by direct-subgraph baseline
experiments/cross_domain/results/battle_inject_memory_stress_condition_trigger_rankednaive_naiveonly_condition_trigger_debian_deepseek-v3_8_1778659465880_1778659515.json	experiments/cross_domain/results/_soft_deleted_20260517/old_ranked_naive/battle_inject_memory_stress_condition_trigger_rankednaive_naiveonly_condition_trigger_debian_deepseek-v3_8_1778659465880_1778659515.json	old ranked-naive / naive-only calibration; superseded by direct-subgraph baseline
experiments/cross_domain/results/battle_inject_memory_stress_condition_trigger_rankednaive_naiveonly_condition_trigger_debian_gpt-4o_12_1778659474176_1778659533.json	experiments/cross_domain/results/_soft_deleted_20260517/old_ranked_naive/battle_inject_memory_stress_condition_trigger_rankednaive_naiveonly_condition_trigger_debian_gpt-4o_12_1778659474176_1778659533.json	old ranked-naive / naive-only calibration; superseded by direct-subgraph baseline
experiments/cross_domain/results/battle_inject_memory_stress_condition_trigger_rankednaive_naiveonly_condition_trigger_debian_gpt-4o_16_1778659487586_1778659526.json	experiments/cross_domain/results/_soft_deleted_20260517/old_ranked_naive/battle_inject_memory_stress_condition_trigger_rankednaive_naiveonly_condition_trigger_debian_gpt-4o_16_1778659487586_1778659526.json	old ranked-naive / naive-only calibration; superseded by direct-subgraph baseline
experiments/cross_domain/results/battle_inject_memory_stress_condition_trigger_rankednaive_naiveonly_condition_trigger_debian_gpt-4o_24_1778659515957_1778659557.json	experiments/cross_domain/results/_soft_deleted_20260517/old_ranked_naive/battle_inject_memory_stress_condition_trigger_rankednaive_naiveonly_condition_trigger_debian_gpt-4o_24_1778659515957_1778659557.json	old ranked-naive / naive-only calibration; superseded by direct-subgraph baseline
experiments/cross_domain/results/battle_inject_memory_stress_condition_trigger_rankednaive_naiveonly_condition_trigger_debian_gpt-4o_5_1778659428147_1778659465.json	experiments/cross_domain/results/_soft_deleted_20260517/old_ranked_naive/battle_inject_memory_stress_condition_trigger_rankednaive_naiveonly_condition_trigger_debian_gpt-4o_5_1778659428147_1778659465.json	old ranked-naive / naive-only calibration; superseded by direct-subgraph baseline
experiments/cross_domain/results/battle_inject_memory_stress_condition_trigger_rankednaive_naiveonly_condition_trigger_debian_gpt-4o_8_1778659454817_1778659474.json	experiments/cross_domain/results/_soft_deleted_20260517/old_ranked_naive/battle_inject_memory_stress_condition_trigger_rankednaive_naiveonly_condition_trigger_debian_gpt-4o_8_1778659454817_1778659474.json	old ranked-naive / naive-only calibration; superseded by direct-subgraph baseline
experiments/cross_domain/results/battle_inject_memory_stress_condition_trigger_rankednaive_naiveonly_condition_trigger_sec_ex21_deepseek-v3_12_1778659664678_1778659719.json	experiments/cross_domain/results/_soft_deleted_20260517/old_ranked_naive/battle_inject_memory_stress_condition_trigger_rankednaive_naiveonly_condition_trigger_sec_ex21_deepseek-v3_12_1778659664678_1778659719.json	old ranked-naive / naive-only calibration; superseded by direct-subgraph baseline
experiments/cross_domain/results/battle_inject_memory_stress_condition_trigger_rankednaive_naiveonly_condition_trigger_sec_ex21_deepseek-v3_16_1778659674263_1778659737.json	experiments/cross_domain/results/_soft_deleted_20260517/old_ranked_naive/battle_inject_memory_stress_condition_trigger_rankednaive_naiveonly_condition_trigger_sec_ex21_deepseek-v3_16_1778659674263_1778659737.json	old ranked-naive / naive-only calibration; superseded by direct-subgraph baseline
experiments/cross_domain/results/battle_inject_memory_stress_condition_trigger_rankednaive_naiveonly_condition_trigger_sec_ex21_deepseek-v3_24_1778659696577_1778659778.json	experiments/cross_domain/results/_soft_deleted_20260517/old_ranked_naive/battle_inject_memory_stress_condition_trigger_rankednaive_naiveonly_condition_trigger_sec_ex21_deepseek-v3_24_1778659696577_1778659778.json	old ranked-naive / naive-only calibration; superseded by direct-subgraph baseline
experiments/cross_domain/results/battle_inject_memory_stress_condition_trigger_rankednaive_naiveonly_condition_trigger_sec_ex21_deepseek-v3_5_1778659608932_1778659652.json	experiments/cross_domain/results/_soft_deleted_20260517/old_ranked_naive/battle_inject_memory_stress_condition_trigger_rankednaive_naiveonly_condition_trigger_sec_ex21_deepseek-v3_5_1778659608932_1778659652.json	old ranked-naive / naive-only calibration; superseded by direct-subgraph baseline
experiments/cross_domain/results/battle_inject_memory_stress_condition_trigger_rankednaive_naiveonly_condition_trigger_sec_ex21_deepseek-v3_8_1778659643335_1778659696.json	experiments/cross_domain/results/_soft_deleted_20260517/old_ranked_naive/battle_inject_memory_stress_condition_trigger_rankednaive_naiveonly_condition_trigger_sec_ex21_deepseek-v3_8_1778659643335_1778659696.json	old ranked-naive / naive-only calibration; superseded by direct-subgraph baseline
experiments/cross_domain/results/battle_inject_memory_stress_condition_trigger_rankednaive_naiveonly_condition_trigger_sec_ex21_gpt-4o_12_1778659652447_1778659664.json	experiments/cross_domain/results/_soft_deleted_20260517/old_ranked_naive/battle_inject_memory_stress_condition_trigger_rankednaive_naiveonly_condition_trigger_sec_ex21_gpt-4o_12_1778659652447_1778659664.json	old ranked-naive / naive-only calibration; superseded by direct-subgraph baseline
experiments/cross_domain/results/battle_inject_memory_stress_condition_trigger_rankednaive_naiveonly_condition_trigger_sec_ex21_gpt-4o_16_1778659665723_1778659731.json	experiments/cross_domain/results/_soft_deleted_20260517/old_ranked_naive/battle_inject_memory_stress_condition_trigger_rankednaive_naiveonly_condition_trigger_sec_ex21_gpt-4o_16_1778659665723_1778659731.json	old ranked-naive / naive-only calibration; superseded by direct-subgraph baseline
experiments/cross_domain/results/battle_inject_memory_stress_condition_trigger_rankednaive_naiveonly_condition_trigger_sec_ex21_gpt-4o_24_1778659678302_1778659746.json	experiments/cross_domain/results/_soft_deleted_20260517/old_ranked_naive/battle_inject_memory_stress_condition_trigger_rankednaive_naiveonly_condition_trigger_sec_ex21_gpt-4o_24_1778659678302_1778659746.json	old ranked-naive / naive-only calibration; superseded by direct-subgraph baseline
experiments/cross_domain/results/battle_inject_memory_stress_condition_trigger_rankednaive_naiveonly_condition_trigger_sec_ex21_gpt-4o_5_1778659593118_1778659608.json	experiments/cross_domain/results/_soft_deleted_20260517/old_ranked_naive/battle_inject_memory_stress_condition_trigger_rankednaive_naiveonly_condition_trigger_sec_ex21_gpt-4o_5_1778659593118_1778659608.json	old ranked-naive / naive-only calibration; superseded by direct-subgraph baseline
experiments/cross_domain/results/battle_inject_memory_stress_condition_trigger_rankednaive_naiveonly_condition_trigger_sec_ex21_gpt-4o_8_1778659611136_1778659643.json	experiments/cross_domain/results/_soft_deleted_20260517/old_ranked_naive/battle_inject_memory_stress_condition_trigger_rankednaive_naiveonly_condition_trigger_sec_ex21_gpt-4o_8_1778659611136_1778659643.json	old ranked-naive / naive-only calibration; superseded by direct-subgraph baseline
experiments/cross_domain/results/battle_inject_memory_stress_condition_trigger_rankednaive_naiveonly_condition_trigger_wikipedia_deepseek-v3_12_1778659557472_1778659610.json	experiments/cross_domain/results/_soft_deleted_20260517/old_ranked_naive/battle_inject_memory_stress_condition_trigger_rankednaive_naiveonly_condition_trigger_wikipedia_deepseek-v3_12_1778659557472_1778659610.json	old ranked-naive / naive-only calibration; superseded by direct-subgraph baseline
experiments/cross_domain/results/battle_inject_memory_stress_condition_trigger_rankednaive_naiveonly_condition_trigger_wikipedia_deepseek-v3_16_1778659581529_1778659665.json	experiments/cross_domain/results/_soft_deleted_20260517/old_ranked_naive/battle_inject_memory_stress_condition_trigger_rankednaive_naiveonly_condition_trigger_wikipedia_deepseek-v3_16_1778659581529_1778659665.json	old ranked-naive / naive-only calibration; superseded by direct-subgraph baseline
experiments/cross_domain/results/battle_inject_memory_stress_condition_trigger_rankednaive_naiveonly_condition_trigger_wikipedia_deepseek-v3_24_1778659590833_1778659674.json	experiments/cross_domain/results/_soft_deleted_20260517/old_ranked_naive/battle_inject_memory_stress_condition_trigger_rankednaive_naiveonly_condition_trigger_wikipedia_deepseek-v3_24_1778659590833_1778659674.json	old ranked-naive / naive-only calibration; superseded by direct-subgraph baseline
experiments/cross_domain/results/battle_inject_memory_stress_condition_trigger_rankednaive_naiveonly_condition_trigger_wikipedia_deepseek-v3_5_1778659533863_1778659566.json	experiments/cross_domain/results/_soft_deleted_20260517/old_ranked_naive/battle_inject_memory_stress_condition_trigger_rankednaive_naiveonly_condition_trigger_wikipedia_deepseek-v3_5_1778659533863_1778659566.json	old ranked-naive / naive-only calibration; superseded by direct-subgraph baseline
experiments/cross_domain/results/battle_inject_memory_stress_condition_trigger_rankednaive_naiveonly_condition_trigger_wikipedia_deepseek-v3_8_1778659549930_1778659592.json	experiments/cross_domain/results/_soft_deleted_20260517/old_ranked_naive/battle_inject_memory_stress_condition_trigger_rankednaive_naiveonly_condition_trigger_wikipedia_deepseek-v3_8_1778659549930_1778659592.json	old ranked-naive / naive-only calibration; superseded by direct-subgraph baseline
experiments/cross_domain/results/battle_inject_memory_stress_condition_trigger_rankednaive_naiveonly_condition_trigger_wikipedia_gpt-4o_12_1778659554761_1778659583.json	experiments/cross_domain/results/_soft_deleted_20260517/old_ranked_naive/battle_inject_memory_stress_condition_trigger_rankednaive_naiveonly_condition_trigger_wikipedia_gpt-4o_12_1778659554761_1778659583.json	old ranked-naive / naive-only calibration; superseded by direct-subgraph baseline
experiments/cross_domain/results/battle_inject_memory_stress_condition_trigger_rankednaive_naiveonly_condition_trigger_wikipedia_gpt-4o_16_1778659566437_1778659590.json	experiments/cross_domain/results/_soft_deleted_20260517/old_ranked_naive/battle_inject_memory_stress_condition_trigger_rankednaive_naiveonly_condition_trigger_wikipedia_gpt-4o_16_1778659566437_1778659590.json	old ranked-naive / naive-only calibration; superseded by direct-subgraph baseline
experiments/cross_domain/results/battle_inject_memory_stress_condition_trigger_rankednaive_naiveonly_condition_trigger_wikipedia_gpt-4o_24_1778659584009_1778659678.json	experiments/cross_domain/results/_soft_deleted_20260517/old_ranked_naive/battle_inject_memory_stress_condition_trigger_rankednaive_naiveonly_condition_trigger_wikipedia_gpt-4o_24_1778659584009_1778659678.json	old ranked-naive / naive-only calibration; superseded by direct-subgraph baseline
experiments/cross_domain/results/battle_inject_memory_stress_condition_trigger_rankednaive_naiveonly_condition_trigger_wikipedia_gpt-4o_5_1778659526995_1778659549.json	experiments/cross_domain/results/_soft_deleted_20260517/old_ranked_naive/battle_inject_memory_stress_condition_trigger_rankednaive_naiveonly_condition_trigger_wikipedia_gpt-4o_5_1778659526995_1778659549.json	old ranked-naive / naive-only calibration; superseded by direct-subgraph baseline
experiments/cross_domain/results/battle_inject_memory_stress_condition_trigger_rankednaive_naiveonly_condition_trigger_wikipedia_gpt-4o_8_1778659538897_1778659581.json	experiments/cross_domain/results/_soft_deleted_20260517/old_ranked_naive/battle_inject_memory_stress_condition_trigger_rankednaive_naiveonly_condition_trigger_wikipedia_gpt-4o_8_1778659538897_1778659581.json	old ranked-naive / naive-only calibration; superseded by direct-subgraph baseline
experiments/cross_domain/results/battle_inject_memory_stress_direct_mutex_rankednaive_naiveonly_1778657425.json	experiments/cross_domain/results/_soft_deleted_20260517/old_ranked_naive/battle_inject_memory_stress_direct_mutex_rankednaive_naiveonly_1778657425.json	old ranked-naive / naive-only calibration; superseded by direct-subgraph baseline
experiments/cross_domain/results/battle_inject_memory_stress_handoff_invariant_rankednaive_formal_full_realtext_c8_debian_20260513_1778677670.json	experiments/cross_domain/results/_soft_deleted_20260517/old_ranked_naive/battle_inject_memory_stress_handoff_invariant_rankednaive_formal_full_realtext_c8_debian_20260513_1778677670.json	old ranked-naive / naive-only calibration; superseded by direct-subgraph baseline
experiments/cross_domain/results/battle_inject_memory_stress_handoff_invariant_rankednaive_formal_full_realtext_c8_debian_20260513_1778677670.partial.json	experiments/cross_domain/results/_soft_deleted_20260517/old_ranked_naive/battle_inject_memory_stress_handoff_invariant_rankednaive_formal_full_realtext_c8_debian_20260513_1778677670.partial.json	old ranked-naive / naive-only calibration; superseded by direct-subgraph baseline
experiments/cross_domain/results/battle_inject_memory_stress_handoff_invariant_rankednaive_formal_full_realtext_c8_sec_20260513_1778677677.json	experiments/cross_domain/results/_soft_deleted_20260517/old_ranked_naive/battle_inject_memory_stress_handoff_invariant_rankednaive_formal_full_realtext_c8_sec_20260513_1778677677.json	old ranked-naive / naive-only calibration; superseded by direct-subgraph baseline
experiments/cross_domain/results/battle_inject_memory_stress_handoff_invariant_rankednaive_formal_full_realtext_c8_sec_20260513_1778677677.partial.json	experiments/cross_domain/results/_soft_deleted_20260517/old_ranked_naive/battle_inject_memory_stress_handoff_invariant_rankednaive_formal_full_realtext_c8_sec_20260513_1778677677.partial.json	old ranked-naive / naive-only calibration; superseded by direct-subgraph baseline
experiments/cross_domain/results/battle_inject_memory_stress_handoff_invariant_rankednaive_formal_full_realtext_c8_wikipedia_20260513_1778677675.json	experiments/cross_domain/results/_soft_deleted_20260517/old_ranked_naive/battle_inject_memory_stress_handoff_invariant_rankednaive_formal_full_realtext_c8_wikipedia_20260513_1778677675.json	old ranked-naive / naive-only calibration; superseded by direct-subgraph baseline
experiments/cross_domain/results/battle_inject_memory_stress_handoff_invariant_rankednaive_formal_full_realtext_c8_wikipedia_20260513_1778677675.partial.json	experiments/cross_domain/results/_soft_deleted_20260517/old_ranked_naive/battle_inject_memory_stress_handoff_invariant_rankednaive_formal_full_realtext_c8_wikipedia_20260513_1778677675.partial.json	old ranked-naive / naive-only calibration; superseded by direct-subgraph baseline
experiments/cross_domain/results/battle_inject_memory_stress_handoff_invariant_rankednaive_formal_full_realtext_debian_20260513_1778677265.partial.json	experiments/cross_domain/results/_soft_deleted_20260517/old_ranked_naive/battle_inject_memory_stress_handoff_invariant_rankednaive_formal_full_realtext_debian_20260513_1778677265.partial.json	old ranked-naive / naive-only calibration; superseded by direct-subgraph baseline
experiments/cross_domain/results/battle_inject_memory_stress_handoff_invariant_rankednaive_formal_full_realtext_sec_20260513_1778677272.partial.json	experiments/cross_domain/results/_soft_deleted_20260517/old_ranked_naive/battle_inject_memory_stress_handoff_invariant_rankednaive_formal_full_realtext_sec_20260513_1778677272.partial.json	old ranked-naive / naive-only calibration; superseded by direct-subgraph baseline
experiments/cross_domain/results/battle_inject_memory_stress_handoff_invariant_rankednaive_formal_full_realtext_wikipedia_20260513_1778677270.partial.json	experiments/cross_domain/results/_soft_deleted_20260517/old_ranked_naive/battle_inject_memory_stress_handoff_invariant_rankednaive_formal_full_realtext_wikipedia_20260513_1778677270.partial.json	old ranked-naive / naive-only calibration; superseded by direct-subgraph baseline
experiments/cross_domain/results/battle_inject_memory_stress_handoff_invariant_rankednaive_formal_realtext_debian_20260513_1778674413.partial.json	experiments/cross_domain/results/_soft_deleted_20260517/old_ranked_naive/battle_inject_memory_stress_handoff_invariant_rankednaive_formal_realtext_debian_20260513_1778674413.partial.json	old ranked-naive / naive-only calibration; superseded by direct-subgraph baseline
experiments/cross_domain/results/battle_inject_memory_stress_handoff_invariant_rankednaive_formal_realtext_sec_20260513_1778674419.partial.json	experiments/cross_domain/results/_soft_deleted_20260517/old_ranked_naive/battle_inject_memory_stress_handoff_invariant_rankednaive_formal_realtext_sec_20260513_1778674419.partial.json	old ranked-naive / naive-only calibration; superseded by direct-subgraph baseline
experiments/cross_domain/results/battle_inject_memory_stress_handoff_invariant_rankednaive_formal_realtext_wikipedia_20260513_1778674417.partial.json	experiments/cross_domain/results/_soft_deleted_20260517/old_ranked_naive/battle_inject_memory_stress_handoff_invariant_rankednaive_formal_realtext_wikipedia_20260513_1778674417.partial.json	old ranked-naive / naive-only calibration; superseded by direct-subgraph baseline
experiments/cross_domain/results/battle_inject_memory_stress_handoff_invariant_rankednaive_naiveonly_1778657579.json	experiments/cross_domain/results/_soft_deleted_20260517/old_ranked_naive/battle_inject_memory_stress_handoff_invariant_rankednaive_naiveonly_1778657579.json	old ranked-naive / naive-only calibration; superseded by direct-subgraph baseline
experiments/cross_domain/results/battle_inject_memory_stress_handoff_invariant_rankednaive_samcgsonly_convergence_debian_gpt4o_b60_20260514_1778721307.json	experiments/cross_domain/results/_soft_deleted_20260517/old_ranked_naive/battle_inject_memory_stress_handoff_invariant_rankednaive_samcgsonly_convergence_debian_gpt4o_b60_20260514_1778721307.json	old ranked-naive / naive-only calibration; superseded by direct-subgraph baseline
experiments/cross_domain/results/battle_inject_memory_stress_handoff_invariant_rankednaive_samcgsonly_convergence_debian_gpt4o_b60_20260514_1778721307.partial.json	experiments/cross_domain/results/_soft_deleted_20260517/old_ranked_naive/battle_inject_memory_stress_handoff_invariant_rankednaive_samcgsonly_convergence_debian_gpt4o_b60_20260514_1778721307.partial.json	old ranked-naive / naive-only calibration; superseded by direct-subgraph baseline
experiments/cross_domain/results/battle_inject_memory_stress_handoff_invariant_rankednaive_samcgsonly_convergence_long_real_gpt4o_b100_20260514_1778724052.json	experiments/cross_domain/results/_soft_deleted_20260517/old_ranked_naive/battle_inject_memory_stress_handoff_invariant_rankednaive_samcgsonly_convergence_long_real_gpt4o_b100_20260514_1778724052.json	old ranked-naive / naive-only calibration; superseded by direct-subgraph baseline
experiments/cross_domain/results/battle_inject_memory_stress_handoff_invariant_rankednaive_samcgsonly_convergence_long_real_gpt4o_b100_20260514_1778724052.partial.json	experiments/cross_domain/results/_soft_deleted_20260517/old_ranked_naive/battle_inject_memory_stress_handoff_invariant_rankednaive_samcgsonly_convergence_long_real_gpt4o_b100_20260514_1778724052.partial.json	old ranked-naive / naive-only calibration; superseded by direct-subgraph baseline
experiments/cross_domain/results/battle_inject_memory_stress_handoff_invariant_rankednaive_samcgsonly_evidence_matrix_smoke_20260514_1778741902.json	experiments/cross_domain/results/_soft_deleted_20260517/old_ranked_naive/battle_inject_memory_stress_handoff_invariant_rankednaive_samcgsonly_evidence_matrix_smoke_20260514_1778741902.json	old ranked-naive / naive-only calibration; superseded by direct-subgraph baseline
experiments/cross_domain/results/battle_inject_memory_stress_handoff_invariant_rankednaive_samcgsonly_evidence_matrix_smoke_20260514_1778741902.partial.json	experiments/cross_domain/results/_soft_deleted_20260517/old_ranked_naive/battle_inject_memory_stress_handoff_invariant_rankednaive_samcgsonly_evidence_matrix_smoke_20260514_1778741902.partial.json	old ranked-naive / naive-only calibration; superseded by direct-subgraph baseline
experiments/cross_domain/results/battle_inject_memory_stress_handoff_invariant_rankednaive_samcgsonly_local_subgraph_debian_pilot_20260514_1778717888.json	experiments/cross_domain/results/_soft_deleted_20260517/old_ranked_naive/battle_inject_memory_stress_handoff_invariant_rankednaive_samcgsonly_local_subgraph_debian_pilot_20260514_1778717888.json	old ranked-naive / naive-only calibration; superseded by direct-subgraph baseline
experiments/cross_domain/results/battle_inject_memory_stress_handoff_invariant_rankednaive_samcgsonly_local_subgraph_debian_pilot_20260514_1778717888.partial.json	experiments/cross_domain/results/_soft_deleted_20260517/old_ranked_naive/battle_inject_memory_stress_handoff_invariant_rankednaive_samcgsonly_local_subgraph_debian_pilot_20260514_1778717888.partial.json	old ranked-naive / naive-only calibration; superseded by direct-subgraph baseline
experiments/cross_domain/results/battle_inject_memory_stress_temporal_gate_rankednaive_naiveonly_temporal_gate_debian_deepseek-v3_12_1778659198144_1778659259.json	experiments/cross_domain/results/_soft_deleted_20260517/old_ranked_naive/battle_inject_memory_stress_temporal_gate_rankednaive_naiveonly_temporal_gate_debian_deepseek-v3_12_1778659198144_1778659259.json	old ranked-naive / naive-only calibration; superseded by direct-subgraph baseline
experiments/cross_domain/results/battle_inject_memory_stress_temporal_gate_rankednaive_naiveonly_temporal_gate_debian_deepseek-v3_16_1778659221982_1778659284.json	experiments/cross_domain/results/_soft_deleted_20260517/old_ranked_naive/battle_inject_memory_stress_temporal_gate_rankednaive_naiveonly_temporal_gate_debian_deepseek-v3_16_1778659221982_1778659284.json	old ranked-naive / naive-only calibration; superseded by direct-subgraph baseline
experiments/cross_domain/results/battle_inject_memory_stress_temporal_gate_rankednaive_naiveonly_temporal_gate_debian_deepseek-v3_24_1778659243623_1778659323.json	experiments/cross_domain/results/_soft_deleted_20260517/old_ranked_naive/battle_inject_memory_stress_temporal_gate_rankednaive_naiveonly_temporal_gate_debian_deepseek-v3_24_1778659243623_1778659323.json	old ranked-naive / naive-only calibration; superseded by direct-subgraph baseline
experiments/cross_domain/results/battle_inject_memory_stress_temporal_gate_rankednaive_naiveonly_temporal_gate_debian_deepseek-v3_5_1778659198137_1778659231.json	experiments/cross_domain/results/_soft_deleted_20260517/old_ranked_naive/battle_inject_memory_stress_temporal_gate_rankednaive_naiveonly_temporal_gate_debian_deepseek-v3_5_1778659198137_1778659231.json	old ranked-naive / naive-only calibration; superseded by direct-subgraph baseline
experiments/cross_domain/results/battle_inject_memory_stress_temporal_gate_rankednaive_naiveonly_temporal_gate_debian_deepseek-v3_8_1778659198141_1778659243.json	experiments/cross_domain/results/_soft_deleted_20260517/old_ranked_naive/battle_inject_memory_stress_temporal_gate_rankednaive_naiveonly_temporal_gate_debian_deepseek-v3_8_1778659198141_1778659243.json	old ranked-naive / naive-only calibration; superseded by direct-subgraph baseline
experiments/cross_domain/results/battle_inject_memory_stress_temporal_gate_rankednaive_naiveonly_temporal_gate_debian_gpt-4o_12_1778659198142_1778659275.json	experiments/cross_domain/results/_soft_deleted_20260517/old_ranked_naive/battle_inject_memory_stress_temporal_gate_rankednaive_naiveonly_temporal_gate_debian_gpt-4o_12_1778659198142_1778659275.json	old ranked-naive / naive-only calibration; superseded by direct-subgraph baseline
experiments/cross_domain/results/battle_inject_memory_stress_temporal_gate_rankednaive_naiveonly_temporal_gate_debian_gpt-4o_16_1778659207450_1778659244.json	experiments/cross_domain/results/_soft_deleted_20260517/old_ranked_naive/battle_inject_memory_stress_temporal_gate_rankednaive_naiveonly_temporal_gate_debian_gpt-4o_16_1778659207450_1778659244.json	old ranked-naive / naive-only calibration; superseded by direct-subgraph baseline
experiments/cross_domain/results/battle_inject_memory_stress_temporal_gate_rankednaive_naiveonly_temporal_gate_debian_gpt-4o_24_1778659232019_1778659279.json	experiments/cross_domain/results/_soft_deleted_20260517/old_ranked_naive/battle_inject_memory_stress_temporal_gate_rankednaive_naiveonly_temporal_gate_debian_gpt-4o_24_1778659232019_1778659279.json	old ranked-naive / naive-only calibration; superseded by direct-subgraph baseline
experiments/cross_domain/results/battle_inject_memory_stress_temporal_gate_rankednaive_naiveonly_temporal_gate_debian_gpt-4o_5_1778659198135_1778659207.json	experiments/cross_domain/results/_soft_deleted_20260517/old_ranked_naive/battle_inject_memory_stress_temporal_gate_rankednaive_naiveonly_temporal_gate_debian_gpt-4o_5_1778659198135_1778659207.json	old ranked-naive / naive-only calibration; superseded by direct-subgraph baseline
experiments/cross_domain/results/battle_inject_memory_stress_temporal_gate_rankednaive_naiveonly_temporal_gate_debian_gpt-4o_8_1778659198138_1778659221.json	experiments/cross_domain/results/_soft_deleted_20260517/old_ranked_naive/battle_inject_memory_stress_temporal_gate_rankednaive_naiveonly_temporal_gate_debian_gpt-4o_8_1778659198138_1778659221.json	old ranked-naive / naive-only calibration; superseded by direct-subgraph baseline
experiments/cross_domain/results/battle_inject_memory_stress_temporal_gate_rankednaive_naiveonly_temporal_gate_sec_ex21_deepseek-v3_12_1778659385616_1778659446.json	experiments/cross_domain/results/_soft_deleted_20260517/old_ranked_naive/battle_inject_memory_stress_temporal_gate_rankednaive_naiveonly_temporal_gate_sec_ex21_deepseek-v3_12_1778659385616_1778659446.json	old ranked-naive / naive-only calibration; superseded by direct-subgraph baseline
experiments/cross_domain/results/battle_inject_memory_stress_temporal_gate_rankednaive_naiveonly_temporal_gate_sec_ex21_deepseek-v3_16_1778659407763_1778659487.json	experiments/cross_domain/results/_soft_deleted_20260517/old_ranked_naive/battle_inject_memory_stress_temporal_gate_rankednaive_naiveonly_temporal_gate_sec_ex21_deepseek-v3_16_1778659407763_1778659487.json	old ranked-naive / naive-only calibration; superseded by direct-subgraph baseline
experiments/cross_domain/results/battle_inject_memory_stress_temporal_gate_rankednaive_naiveonly_temporal_gate_sec_ex21_deepseek-v3_24_1778659422516_1778659525.json	experiments/cross_domain/results/_soft_deleted_20260517/old_ranked_naive/battle_inject_memory_stress_temporal_gate_rankednaive_naiveonly_temporal_gate_sec_ex21_deepseek-v3_24_1778659422516_1778659525.json	old ranked-naive / naive-only calibration; superseded by direct-subgraph baseline
experiments/cross_domain/results/battle_inject_memory_stress_temporal_gate_rankednaive_naiveonly_temporal_gate_sec_ex21_deepseek-v3_5_1778659346931_1778659382.json	experiments/cross_domain/results/_soft_deleted_20260517/old_ranked_naive/battle_inject_memory_stress_temporal_gate_rankednaive_naiveonly_temporal_gate_sec_ex21_deepseek-v3_5_1778659346931_1778659382.json	old ranked-naive / naive-only calibration; superseded by direct-subgraph baseline
experiments/cross_domain/results/battle_inject_memory_stress_temporal_gate_rankednaive_naiveonly_temporal_gate_sec_ex21_deepseek-v3_8_1778659380006_1778659427.json	experiments/cross_domain/results/_soft_deleted_20260517/old_ranked_naive/battle_inject_memory_stress_temporal_gate_rankednaive_naiveonly_temporal_gate_sec_ex21_deepseek-v3_8_1778659380006_1778659427.json	old ranked-naive / naive-only calibration; superseded by direct-subgraph baseline
experiments/cross_domain/results/battle_inject_memory_stress_temporal_gate_rankednaive_naiveonly_temporal_gate_sec_ex21_gpt-4o_12_1778659382236_1778659420.json	experiments/cross_domain/results/_soft_deleted_20260517/old_ranked_naive/battle_inject_memory_stress_temporal_gate_rankednaive_naiveonly_temporal_gate_sec_ex21_gpt-4o_12_1778659382236_1778659420.json	old ranked-naive / naive-only calibration; superseded by direct-subgraph baseline
experiments/cross_domain/results/battle_inject_memory_stress_temporal_gate_rankednaive_naiveonly_temporal_gate_sec_ex21_gpt-4o_16_1778659401964_1778659422.json	experiments/cross_domain/results/_soft_deleted_20260517/old_ranked_naive/battle_inject_memory_stress_temporal_gate_rankednaive_naiveonly_temporal_gate_sec_ex21_gpt-4o_16_1778659401964_1778659422.json	old ranked-naive / naive-only calibration; superseded by direct-subgraph baseline
experiments/cross_domain/results/battle_inject_memory_stress_temporal_gate_rankednaive_naiveonly_temporal_gate_sec_ex21_gpt-4o_24_1778659420429_1778659496.json	experiments/cross_domain/results/_soft_deleted_20260517/old_ranked_naive/battle_inject_memory_stress_temporal_gate_rankednaive_naiveonly_temporal_gate_sec_ex21_gpt-4o_24_1778659420429_1778659496.json	old ranked-naive / naive-only calibration; superseded by direct-subgraph baseline
experiments/cross_domain/results/battle_inject_memory_stress_temporal_gate_rankednaive_naiveonly_temporal_gate_sec_ex21_gpt-4o_5_1778659345981_1778659379.json	experiments/cross_domain/results/_soft_deleted_20260517/old_ranked_naive/battle_inject_memory_stress_temporal_gate_rankednaive_naiveonly_temporal_gate_sec_ex21_gpt-4o_5_1778659345981_1778659379.json	old ranked-naive / naive-only calibration; superseded by direct-subgraph baseline
experiments/cross_domain/results/battle_inject_memory_stress_temporal_gate_rankednaive_naiveonly_temporal_gate_sec_ex21_gpt-4o_8_1778659375679_1778659401.json	experiments/cross_domain/results/_soft_deleted_20260517/old_ranked_naive/battle_inject_memory_stress_temporal_gate_rankednaive_naiveonly_temporal_gate_sec_ex21_gpt-4o_8_1778659375679_1778659401.json	old ranked-naive / naive-only calibration; superseded by direct-subgraph baseline
experiments/cross_domain/results/battle_inject_memory_stress_temporal_gate_rankednaive_naiveonly_temporal_gate_wikipedia_deepseek-v3_12_1778659284825_1778659346.json	experiments/cross_domain/results/_soft_deleted_20260517/old_ranked_naive/battle_inject_memory_stress_temporal_gate_rankednaive_naiveonly_temporal_gate_wikipedia_deepseek-v3_12_1778659284825_1778659346.json	old ranked-naive / naive-only calibration; superseded by direct-subgraph baseline
experiments/cross_domain/results/battle_inject_memory_stress_temporal_gate_rankednaive_naiveonly_temporal_gate_wikipedia_deepseek-v3_16_1778659323460_1778659407.json	experiments/cross_domain/results/_soft_deleted_20260517/old_ranked_naive/battle_inject_memory_stress_temporal_gate_rankednaive_naiveonly_temporal_gate_wikipedia_deepseek-v3_16_1778659323460_1778659407.json	old ranked-naive / naive-only calibration; superseded by direct-subgraph baseline
experiments/cross_domain/results/battle_inject_memory_stress_temporal_gate_rankednaive_naiveonly_temporal_gate_wikipedia_deepseek-v3_24_1778659345403_1778659454.json	experiments/cross_domain/results/_soft_deleted_20260517/old_ranked_naive/battle_inject_memory_stress_temporal_gate_rankednaive_naiveonly_temporal_gate_wikipedia_deepseek-v3_24_1778659345403_1778659454.json	old ranked-naive / naive-only calibration; superseded by direct-subgraph baseline
experiments/cross_domain/results/battle_inject_memory_stress_temporal_gate_rankednaive_naiveonly_temporal_gate_wikipedia_deepseek-v3_5_1778659259271_1778659294.json	experiments/cross_domain/results/_soft_deleted_20260517/old_ranked_naive/battle_inject_memory_stress_temporal_gate_rankednaive_naiveonly_temporal_gate_wikipedia_deepseek-v3_5_1778659259271_1778659294.json	old ranked-naive / naive-only calibration; superseded by direct-subgraph baseline
experiments/cross_domain/results/battle_inject_memory_stress_temporal_gate_rankednaive_naiveonly_temporal_gate_wikipedia_deepseek-v3_8_1778659276014_1778659345.json	experiments/cross_domain/results/_soft_deleted_20260517/old_ranked_naive/battle_inject_memory_stress_temporal_gate_rankednaive_naiveonly_temporal_gate_wikipedia_deepseek-v3_8_1778659276014_1778659345.json	old ranked-naive / naive-only calibration; superseded by direct-subgraph baseline
experiments/cross_domain/results/battle_inject_memory_stress_temporal_gate_rankednaive_naiveonly_temporal_gate_wikipedia_gpt-4o_12_1778659280065_1778659323.json	experiments/cross_domain/results/_soft_deleted_20260517/old_ranked_naive/battle_inject_memory_stress_temporal_gate_rankednaive_naiveonly_temporal_gate_wikipedia_gpt-4o_12_1778659280065_1778659323.json	old ranked-naive / naive-only calibration; superseded by direct-subgraph baseline
experiments/cross_domain/results/battle_inject_memory_stress_temporal_gate_rankednaive_naiveonly_temporal_gate_wikipedia_gpt-4o_16_1778659294472_1778659375.json	experiments/cross_domain/results/_soft_deleted_20260517/old_ranked_naive/battle_inject_memory_stress_temporal_gate_rankednaive_naiveonly_temporal_gate_wikipedia_gpt-4o_16_1778659294472_1778659375.json	old ranked-naive / naive-only calibration; superseded by direct-subgraph baseline
experiments/cross_domain/results/battle_inject_memory_stress_temporal_gate_rankednaive_naiveonly_temporal_gate_wikipedia_gpt-4o_24_1778659323561_1778659385.json	experiments/cross_domain/results/_soft_deleted_20260517/old_ranked_naive/battle_inject_memory_stress_temporal_gate_rankednaive_naiveonly_temporal_gate_wikipedia_gpt-4o_24_1778659323561_1778659385.json	old ranked-naive / naive-only calibration; superseded by direct-subgraph baseline
experiments/cross_domain/results/battle_inject_memory_stress_temporal_gate_rankednaive_naiveonly_temporal_gate_wikipedia_gpt-4o_5_1778659244211_1778659275.json	experiments/cross_domain/results/_soft_deleted_20260517/old_ranked_naive/battle_inject_memory_stress_temporal_gate_rankednaive_naiveonly_temporal_gate_wikipedia_gpt-4o_5_1778659244211_1778659275.json	old ranked-naive / naive-only calibration; superseded by direct-subgraph baseline
experiments/cross_domain/results/battle_inject_memory_stress_temporal_gate_rankednaive_naiveonly_temporal_gate_wikipedia_gpt-4o_8_1778659276012_1778659345.json	experiments/cross_domain/results/_soft_deleted_20260517/old_ranked_naive/battle_inject_memory_stress_temporal_gate_rankednaive_naiveonly_temporal_gate_wikipedia_gpt-4o_8_1778659276012_1778659345.json	old ranked-naive / naive-only calibration; superseded by direct-subgraph baseline
experiments/cross_domain/results/battle_inject_memory_stress_condition_trigger_critical_directsubgraphnaive_relation_first_critical_paper_v2_b60_dry_debian11_condition_trigger_critical_b60_1778865927.partial.json	experiments/cross_domain/results/_soft_deleted_20260517/superseded_runs/battle_inject_memory_stress_condition_trigger_critical_directsubgraphnaive_relation_first_critical_paper_v2_b60_dry_debian11_condition_trigger_critical_b60_1778865927.partial.json	critical_paper_v2 dry/superseded run; replaced by v3/final plan
experiments/cross_domain/results/battle_inject_memory_stress_condition_trigger_critical_directsubgraphnaive_relation_first_critical_paper_v2_b60_dry_debian12_condition_trigger_critical_b60_1778865927.partial.json	experiments/cross_domain/results/_soft_deleted_20260517/superseded_runs/battle_inject_memory_stress_condition_trigger_critical_directsubgraphnaive_relation_first_critical_paper_v2_b60_dry_debian12_condition_trigger_critical_b60_1778865927.partial.json	critical_paper_v2 dry/superseded run; replaced by v3/final plan
experiments/cross_domain/results/battle_inject_memory_stress_direct_mutex_critical_directsubgraphnaive_relation_first_critical_paper_v2_b60_dry_debian11_direct_mutex_critical_b60_1778865927.partial.json	experiments/cross_domain/results/_soft_deleted_20260517/superseded_runs/battle_inject_memory_stress_direct_mutex_critical_directsubgraphnaive_relation_first_critical_paper_v2_b60_dry_debian11_direct_mutex_critical_b60_1778865927.partial.json	critical_paper_v2 dry/superseded run; replaced by v3/final plan
experiments/cross_domain/results/battle_inject_memory_stress_direct_mutex_critical_directsubgraphnaive_relation_first_critical_paper_v2_b60_dry_debian12_direct_mutex_critical_b60_1778865927.partial.json	experiments/cross_domain/results/_soft_deleted_20260517/superseded_runs/battle_inject_memory_stress_direct_mutex_critical_directsubgraphnaive_relation_first_critical_paper_v2_b60_dry_debian12_direct_mutex_critical_b60_1778865927.partial.json	critical_paper_v2 dry/superseded run; replaced by v3/final plan
experiments/cross_domain/results/battle_inject_memory_stress_direct_mutex_critical_directsubgraphnaive_relation_first_critical_paper_v2_b60_dry_sec_ex219_direct_mutex_critical_b60_1778865935.partial.json	experiments/cross_domain/results/_soft_deleted_20260517/superseded_runs/battle_inject_memory_stress_direct_mutex_critical_directsubgraphnaive_relation_first_critical_paper_v2_b60_dry_sec_ex219_direct_mutex_critical_b60_1778865935.partial.json	critical_paper_v2 dry/superseded run; replaced by v3/final plan
experiments/cross_domain/results/battle_inject_memory_stress_handoff_invariant_critical_directsubgraphnaive_relation_first_critical_paper_v2_b60_dry_debian11_handoff_invariant_critical_b60_1778865927.partial.json	experiments/cross_domain/results/_soft_deleted_20260517/superseded_runs/battle_inject_memory_stress_handoff_invariant_critical_directsubgraphnaive_relation_first_critical_paper_v2_b60_dry_debian11_handoff_invariant_critical_b60_1778865927.partial.json	critical_paper_v2 dry/superseded run; replaced by v3/final plan
experiments/cross_domain/results/battle_inject_memory_stress_handoff_invariant_critical_directsubgraphnaive_relation_first_critical_paper_v2_b60_dry_debian12_handoff_invariant_critical_b60_1778865927.partial.json	experiments/cross_domain/results/_soft_deleted_20260517/superseded_runs/battle_inject_memory_stress_handoff_invariant_critical_directsubgraphnaive_relation_first_critical_paper_v2_b60_dry_debian12_handoff_invariant_critical_b60_1778865927.partial.json	critical_paper_v2 dry/superseded run; replaced by v3/final plan
experiments/cross_domain/results/battle_inject_memory_stress_handoff_invariant_critical_directsubgraphnaive_relation_first_critical_paper_v2_b60_dry_sec_ex219_handoff_invariant_critical_b60_1778865935.partial.json	experiments/cross_domain/results/_soft_deleted_20260517/superseded_runs/battle_inject_memory_stress_handoff_invariant_critical_directsubgraphnaive_relation_first_critical_paper_v2_b60_dry_sec_ex219_handoff_invariant_critical_b60_1778865935.partial.json	critical_paper_v2 dry/superseded run; replaced by v3/final plan
experiments/cross_domain/results/battle_inject_memory_stress_temporal_gate_critical_directsubgraphnaive_relation_first_critical_paper_v2_b60_dry_debian11_temporal_gate_critical_b60_1778865927.partial.json	experiments/cross_domain/results/_soft_deleted_20260517/superseded_runs/battle_inject_memory_stress_temporal_gate_critical_directsubgraphnaive_relation_first_critical_paper_v2_b60_dry_debian11_temporal_gate_critical_b60_1778865927.partial.json	critical_paper_v2 dry/superseded run; replaced by v3/final plan
experiments/cross_domain/results/battle_inject_memory_stress_temporal_gate_critical_directsubgraphnaive_relation_first_critical_paper_v2_b60_dry_debian12_temporal_gate_critical_b60_1778865927.partial.json	experiments/cross_domain/results/_soft_deleted_20260517/superseded_runs/battle_inject_memory_stress_temporal_gate_critical_directsubgraphnaive_relation_first_critical_paper_v2_b60_dry_debian12_temporal_gate_critical_b60_1778865927.partial.json	critical_paper_v2 dry/superseded run; replaced by v3/final plan
experiments/cross_domain/results/critical_paper_v2_b60_dry_severity_grid_status.json	experiments/cross_domain/results/_soft_deleted_20260517/superseded_runs/critical_paper_v2_b60_dry_severity_grid_status.json	critical_paper_v2 dry/superseded run; replaced by v3/final plan
experiments/cross_domain/results/critical_paper_v2_b60_launcher.log	experiments/cross_domain/results/_soft_deleted_20260517/superseded_runs/critical_paper_v2_b60_launcher.log	critical_paper_v2 dry/superseded run; replaced by v3/final plan
experiments/cross_domain/results/critical_paper_v2_b60_severity_grid_status.json	experiments/cross_domain/results/_soft_deleted_20260517/superseded_runs/critical_paper_v2_b60_severity_grid_status.json	critical_paper_v2 dry/superseded run; replaced by v3/final plan
experiments/cross_domain/results/battle_inject_memory_stress_condition_trigger_critical_directsubgraphnaive_relation_first_criticalledger_v2_b60_bgb11_condition_trigger_critical_b60_1778860356.json	experiments/cross_domain/results/_soft_deleted_20260517/superseded_runs/battle_inject_memory_stress_condition_trigger_critical_directsubgraphnaive_relation_first_criticalledger_v2_b60_bgb11_condition_trigger_critical_b60_1778860356.json	criticalledger_v2 intermediate run; replaced by later compression/core experiments
experiments/cross_domain/results/battle_inject_memory_stress_condition_trigger_critical_directsubgraphnaive_relation_first_criticalledger_v2_b60_bgb11_condition_trigger_critical_b60_1778860356.partial.json	experiments/cross_domain/results/_soft_deleted_20260517/superseded_runs/battle_inject_memory_stress_condition_trigger_critical_directsubgraphnaive_relation_first_criticalledger_v2_b60_bgb11_condition_trigger_critical_b60_1778860356.partial.json	criticalledger_v2 intermediate run; replaced by later compression/core experiments
experiments/cross_domain/results/battle_inject_memory_stress_condition_trigger_critical_directsubgraphnaive_relation_first_criticalledger_v2_b60_bgb25_condition_trigger_critical_b60_1778860504.json	experiments/cross_domain/results/_soft_deleted_20260517/superseded_runs/battle_inject_memory_stress_condition_trigger_critical_directsubgraphnaive_relation_first_criticalledger_v2_b60_bgb25_condition_trigger_critical_b60_1778860504.json	criticalledger_v2 intermediate run; replaced by later compression/core experiments
experiments/cross_domain/results/battle_inject_memory_stress_condition_trigger_critical_directsubgraphnaive_relation_first_criticalledger_v2_b60_bgb25_condition_trigger_critical_b60_1778860504.partial.json	experiments/cross_domain/results/_soft_deleted_20260517/superseded_runs/battle_inject_memory_stress_condition_trigger_critical_directsubgraphnaive_relation_first_criticalledger_v2_b60_bgb25_condition_trigger_critical_b60_1778860504.partial.json	criticalledger_v2 intermediate run; replaced by later compression/core experiments
experiments/cross_domain/results/battle_inject_memory_stress_condition_trigger_critical_directsubgraphnaive_relation_first_criticalledger_v2_b60_cuad18_condition_trigger_critical_b60_1778859478.json	experiments/cross_domain/results/_soft_deleted_20260517/superseded_runs/battle_inject_memory_stress_condition_trigger_critical_directsubgraphnaive_relation_first_criticalledger_v2_b60_cuad18_condition_trigger_critical_b60_1778859478.json	criticalledger_v2 intermediate run; replaced by later compression/core experiments
experiments/cross_domain/results/battle_inject_memory_stress_condition_trigger_critical_directsubgraphnaive_relation_first_criticalledger_v2_b60_cuad18_condition_trigger_critical_b60_1778859478.partial.json	experiments/cross_domain/results/_soft_deleted_20260517/superseded_runs/battle_inject_memory_stress_condition_trigger_critical_directsubgraphnaive_relation_first_criticalledger_v2_b60_cuad18_condition_trigger_critical_b60_1778859478.partial.json	criticalledger_v2 intermediate run; replaced by later compression/core experiments
experiments/cross_domain/results/battle_inject_memory_stress_condition_trigger_critical_directsubgraphnaive_relation_first_criticalledger_v2_b60_cuad25_condition_trigger_critical_b60_1778859478.json	experiments/cross_domain/results/_soft_deleted_20260517/superseded_runs/battle_inject_memory_stress_condition_trigger_critical_directsubgraphnaive_relation_first_criticalledger_v2_b60_cuad25_condition_trigger_critical_b60_1778859478.json	criticalledger_v2 intermediate run; replaced by later compression/core experiments
experiments/cross_domain/results/battle_inject_memory_stress_condition_trigger_critical_directsubgraphnaive_relation_first_criticalledger_v2_b60_cuad25_condition_trigger_critical_b60_1778859478.partial.json	experiments/cross_domain/results/_soft_deleted_20260517/superseded_runs/battle_inject_memory_stress_condition_trigger_critical_directsubgraphnaive_relation_first_criticalledger_v2_b60_cuad25_condition_trigger_critical_b60_1778859478.partial.json	criticalledger_v2 intermediate run; replaced by later compression/core experiments
experiments/cross_domain/results/battle_inject_memory_stress_direct_mutex_critical_directsubgraphnaive_relation_first_criticalledger_v2_b60_bgb11_direct_mutex_critical_b60_1778860218.json	experiments/cross_domain/results/_soft_deleted_20260517/superseded_runs/battle_inject_memory_stress_direct_mutex_critical_directsubgraphnaive_relation_first_criticalledger_v2_b60_bgb11_direct_mutex_critical_b60_1778860218.json	criticalledger_v2 intermediate run; replaced by later compression/core experiments
experiments/cross_domain/results/battle_inject_memory_stress_direct_mutex_critical_directsubgraphnaive_relation_first_criticalledger_v2_b60_bgb11_direct_mutex_critical_b60_1778860218.partial.json	experiments/cross_domain/results/_soft_deleted_20260517/superseded_runs/battle_inject_memory_stress_direct_mutex_critical_directsubgraphnaive_relation_first_criticalledger_v2_b60_bgb11_direct_mutex_critical_b60_1778860218.partial.json	criticalledger_v2 intermediate run; replaced by later compression/core experiments
experiments/cross_domain/results/battle_inject_memory_stress_direct_mutex_critical_directsubgraphnaive_relation_first_criticalledger_v2_b60_bgb25_direct_mutex_critical_b60_1778860368.json	experiments/cross_domain/results/_soft_deleted_20260517/superseded_runs/battle_inject_memory_stress_direct_mutex_critical_directsubgraphnaive_relation_first_criticalledger_v2_b60_bgb25_direct_mutex_critical_b60_1778860368.json	criticalledger_v2 intermediate run; replaced by later compression/core experiments
experiments/cross_domain/results/battle_inject_memory_stress_direct_mutex_critical_directsubgraphnaive_relation_first_criticalledger_v2_b60_bgb25_direct_mutex_critical_b60_1778860368.partial.json	experiments/cross_domain/results/_soft_deleted_20260517/superseded_runs/battle_inject_memory_stress_direct_mutex_critical_directsubgraphnaive_relation_first_criticalledger_v2_b60_bgb25_direct_mutex_critical_b60_1778860368.partial.json	criticalledger_v2 intermediate run; replaced by later compression/core experiments
experiments/cross_domain/results/battle_inject_memory_stress_direct_mutex_critical_directsubgraphnaive_relation_first_criticalledger_v2_b60_cuad18_direct_mutex_critical_b60_1778859478.json	experiments/cross_domain/results/_soft_deleted_20260517/superseded_runs/battle_inject_memory_stress_direct_mutex_critical_directsubgraphnaive_relation_first_criticalledger_v2_b60_cuad18_direct_mutex_critical_b60_1778859478.json	criticalledger_v2 intermediate run; replaced by later compression/core experiments
experiments/cross_domain/results/battle_inject_memory_stress_direct_mutex_critical_directsubgraphnaive_relation_first_criticalledger_v2_b60_cuad18_direct_mutex_critical_b60_1778859478.partial.json	experiments/cross_domain/results/_soft_deleted_20260517/superseded_runs/battle_inject_memory_stress_direct_mutex_critical_directsubgraphnaive_relation_first_criticalledger_v2_b60_cuad18_direct_mutex_critical_b60_1778859478.partial.json	criticalledger_v2 intermediate run; replaced by later compression/core experiments
experiments/cross_domain/results/battle_inject_memory_stress_direct_mutex_critical_directsubgraphnaive_relation_first_criticalledger_v2_b60_cuad25_direct_mutex_critical_b60_1778859478.json	experiments/cross_domain/results/_soft_deleted_20260517/superseded_runs/battle_inject_memory_stress_direct_mutex_critical_directsubgraphnaive_relation_first_criticalledger_v2_b60_cuad25_direct_mutex_critical_b60_1778859478.json	criticalledger_v2 intermediate run; replaced by later compression/core experiments
experiments/cross_domain/results/battle_inject_memory_stress_direct_mutex_critical_directsubgraphnaive_relation_first_criticalledger_v2_b60_cuad25_direct_mutex_critical_b60_1778859478.partial.json	experiments/cross_domain/results/_soft_deleted_20260517/superseded_runs/battle_inject_memory_stress_direct_mutex_critical_directsubgraphnaive_relation_first_criticalledger_v2_b60_cuad25_direct_mutex_critical_b60_1778859478.partial.json	criticalledger_v2 intermediate run; replaced by later compression/core experiments
experiments/cross_domain/results/battle_inject_memory_stress_handoff_invariant_critical_directsubgraphnaive_relation_first_criticalledger_v2_b60_bgb11_handoff_invariant_critical_b60_1778860253.json	experiments/cross_domain/results/_soft_deleted_20260517/superseded_runs/battle_inject_memory_stress_handoff_invariant_critical_directsubgraphnaive_relation_first_criticalledger_v2_b60_bgb11_handoff_invariant_critical_b60_1778860253.json	criticalledger_v2 intermediate run; replaced by later compression/core experiments
experiments/cross_domain/results/battle_inject_memory_stress_handoff_invariant_critical_directsubgraphnaive_relation_first_criticalledger_v2_b60_bgb11_handoff_invariant_critical_b60_1778860253.partial.json	experiments/cross_domain/results/_soft_deleted_20260517/superseded_runs/battle_inject_memory_stress_handoff_invariant_critical_directsubgraphnaive_relation_first_criticalledger_v2_b60_bgb11_handoff_invariant_critical_b60_1778860253.partial.json	criticalledger_v2 intermediate run; replaced by later compression/core experiments
experiments/cross_domain/results/battle_inject_memory_stress_handoff_invariant_critical_directsubgraphnaive_relation_first_criticalledger_v2_b60_bgb25_handoff_invariant_critical_b60_1778860452.json	experiments/cross_domain/results/_soft_deleted_20260517/superseded_runs/battle_inject_memory_stress_handoff_invariant_critical_directsubgraphnaive_relation_first_criticalledger_v2_b60_bgb25_handoff_invariant_critical_b60_1778860452.json	criticalledger_v2 intermediate run; replaced by later compression/core experiments
experiments/cross_domain/results/battle_inject_memory_stress_handoff_invariant_critical_directsubgraphnaive_relation_first_criticalledger_v2_b60_bgb25_handoff_invariant_critical_b60_1778860452.partial.json	experiments/cross_domain/results/_soft_deleted_20260517/superseded_runs/battle_inject_memory_stress_handoff_invariant_critical_directsubgraphnaive_relation_first_criticalledger_v2_b60_bgb25_handoff_invariant_critical_b60_1778860452.partial.json	criticalledger_v2 intermediate run; replaced by later compression/core experiments
experiments/cross_domain/results/battle_inject_memory_stress_handoff_invariant_critical_directsubgraphnaive_relation_first_criticalledger_v2_b60_cuad18_handoff_invariant_critical_b60_1778859478.json	experiments/cross_domain/results/_soft_deleted_20260517/superseded_runs/battle_inject_memory_stress_handoff_invariant_critical_directsubgraphnaive_relation_first_criticalledger_v2_b60_cuad18_handoff_invariant_critical_b60_1778859478.json	criticalledger_v2 intermediate run; replaced by later compression/core experiments
experiments/cross_domain/results/battle_inject_memory_stress_handoff_invariant_critical_directsubgraphnaive_relation_first_criticalledger_v2_b60_cuad18_handoff_invariant_critical_b60_1778859478.partial.json	experiments/cross_domain/results/_soft_deleted_20260517/superseded_runs/battle_inject_memory_stress_handoff_invariant_critical_directsubgraphnaive_relation_first_criticalledger_v2_b60_cuad18_handoff_invariant_critical_b60_1778859478.partial.json	criticalledger_v2 intermediate run; replaced by later compression/core experiments
experiments/cross_domain/results/battle_inject_memory_stress_handoff_invariant_critical_directsubgraphnaive_relation_first_criticalledger_v2_b60_cuad25_handoff_invariant_critical_b60_1778859478.json	experiments/cross_domain/results/_soft_deleted_20260517/superseded_runs/battle_inject_memory_stress_handoff_invariant_critical_directsubgraphnaive_relation_first_criticalledger_v2_b60_cuad25_handoff_invariant_critical_b60_1778859478.json	criticalledger_v2 intermediate run; replaced by later compression/core experiments
experiments/cross_domain/results/battle_inject_memory_stress_handoff_invariant_critical_directsubgraphnaive_relation_first_criticalledger_v2_b60_cuad25_handoff_invariant_critical_b60_1778859478.partial.json	experiments/cross_domain/results/_soft_deleted_20260517/superseded_runs/battle_inject_memory_stress_handoff_invariant_critical_directsubgraphnaive_relation_first_criticalledger_v2_b60_cuad25_handoff_invariant_critical_b60_1778859478.partial.json	criticalledger_v2 intermediate run; replaced by later compression/core experiments
experiments/cross_domain/results/battle_inject_memory_stress_temporal_gate_critical_directsubgraphnaive_relation_first_criticalledger_v2_b60_bgb11_temporal_gate_critical_b60_1778860281.json	experiments/cross_domain/results/_soft_deleted_20260517/superseded_runs/battle_inject_memory_stress_temporal_gate_critical_directsubgraphnaive_relation_first_criticalledger_v2_b60_bgb11_temporal_gate_critical_b60_1778860281.json	criticalledger_v2 intermediate run; replaced by later compression/core experiments
experiments/cross_domain/results/battle_inject_memory_stress_temporal_gate_critical_directsubgraphnaive_relation_first_criticalledger_v2_b60_bgb11_temporal_gate_critical_b60_1778860281.partial.json	experiments/cross_domain/results/_soft_deleted_20260517/superseded_runs/battle_inject_memory_stress_temporal_gate_critical_directsubgraphnaive_relation_first_criticalledger_v2_b60_bgb11_temporal_gate_critical_b60_1778860281.partial.json	criticalledger_v2 intermediate run; replaced by later compression/core experiments
experiments/cross_domain/results/battle_inject_memory_stress_temporal_gate_critical_directsubgraphnaive_relation_first_criticalledger_v2_b60_bgb25_temporal_gate_critical_b60_1778860466.json	experiments/cross_domain/results/_soft_deleted_20260517/superseded_runs/battle_inject_memory_stress_temporal_gate_critical_directsubgraphnaive_relation_first_criticalledger_v2_b60_bgb25_temporal_gate_critical_b60_1778860466.json	criticalledger_v2 intermediate run; replaced by later compression/core experiments
experiments/cross_domain/results/battle_inject_memory_stress_temporal_gate_critical_directsubgraphnaive_relation_first_criticalledger_v2_b60_bgb25_temporal_gate_critical_b60_1778860466.partial.json	experiments/cross_domain/results/_soft_deleted_20260517/superseded_runs/battle_inject_memory_stress_temporal_gate_critical_directsubgraphnaive_relation_first_criticalledger_v2_b60_bgb25_temporal_gate_critical_b60_1778860466.partial.json	criticalledger_v2 intermediate run; replaced by later compression/core experiments
experiments/cross_domain/results/battle_inject_memory_stress_temporal_gate_critical_directsubgraphnaive_relation_first_criticalledger_v2_b60_cuad18_temporal_gate_critical_b60_1778859478.json	experiments/cross_domain/results/_soft_deleted_20260517/superseded_runs/battle_inject_memory_stress_temporal_gate_critical_directsubgraphnaive_relation_first_criticalledger_v2_b60_cuad18_temporal_gate_critical_b60_1778859478.json	criticalledger_v2 intermediate run; replaced by later compression/core experiments
experiments/cross_domain/results/battle_inject_memory_stress_temporal_gate_critical_directsubgraphnaive_relation_first_criticalledger_v2_b60_cuad18_temporal_gate_critical_b60_1778859478.partial.json	experiments/cross_domain/results/_soft_deleted_20260517/superseded_runs/battle_inject_memory_stress_temporal_gate_critical_directsubgraphnaive_relation_first_criticalledger_v2_b60_cuad18_temporal_gate_critical_b60_1778859478.partial.json	criticalledger_v2 intermediate run; replaced by later compression/core experiments
experiments/cross_domain/results/battle_inject_memory_stress_temporal_gate_critical_directsubgraphnaive_relation_first_criticalledger_v2_b60_cuad25_temporal_gate_critical_b60_1778859478.json	experiments/cross_domain/results/_soft_deleted_20260517/superseded_runs/battle_inject_memory_stress_temporal_gate_critical_directsubgraphnaive_relation_first_criticalledger_v2_b60_cuad25_temporal_gate_critical_b60_1778859478.json	criticalledger_v2 intermediate run; replaced by later compression/core experiments
experiments/cross_domain/results/battle_inject_memory_stress_temporal_gate_critical_directsubgraphnaive_relation_first_criticalledger_v2_b60_cuad25_temporal_gate_critical_b60_1778859478.partial.json	experiments/cross_domain/results/_soft_deleted_20260517/superseded_runs/battle_inject_memory_stress_temporal_gate_critical_directsubgraphnaive_relation_first_criticalledger_v2_b60_cuad25_temporal_gate_critical_b60_1778859478.partial.json	criticalledger_v2 intermediate run; replaced by later compression/core experiments
experiments/cross_domain/results/criticalledger_v2_b60_severity_grid_status.json	experiments/cross_domain/results/_soft_deleted_20260517/superseded_runs/criticalledger_v2_b60_severity_grid_status.json	criticalledger_v2 intermediate run; replaced by later compression/core experiments
experiments/cross_domain/results/battle_inject_memory_stress_direct_mutex_critical_directsubgraphnaive_relation_first_critical_ledger_smoke_cuad18_dm_b8_1778858796.json	experiments/cross_domain/results/_soft_deleted_20260517/superseded_runs/battle_inject_memory_stress_direct_mutex_critical_directsubgraphnaive_relation_first_critical_ledger_smoke_cuad18_dm_b8_1778858796.json	critical ledger smoke run; diagnostic only
experiments/cross_domain/results/battle_inject_memory_stress_direct_mutex_critical_directsubgraphnaive_relation_first_critical_ledger_smoke_cuad18_dm_b8_1778858796.partial.json	experiments/cross_domain/results/_soft_deleted_20260517/superseded_runs/battle_inject_memory_stress_direct_mutex_critical_directsubgraphnaive_relation_first_critical_ledger_smoke_cuad18_dm_b8_1778858796.partial.json	critical ledger smoke run; diagnostic only
experiments/cross_domain/results/battle_inject_memory_stress_direct_mutex_critical_directsubgraphnaive_relation_first_critical_ledger_smoke_cuad18_dm_b8_net_1778859012.json	experiments/cross_domain/results/_soft_deleted_20260517/superseded_runs/battle_inject_memory_stress_direct_mutex_critical_directsubgraphnaive_relation_first_critical_ledger_smoke_cuad18_dm_b8_net_1778859012.json	critical ledger smoke run; diagnostic only
experiments/cross_domain/results/battle_inject_memory_stress_direct_mutex_critical_directsubgraphnaive_relation_first_critical_ledger_smoke_cuad18_dm_b8_net_1778859012.partial.json	experiments/cross_domain/results/_soft_deleted_20260517/superseded_runs/battle_inject_memory_stress_direct_mutex_critical_directsubgraphnaive_relation_first_critical_ledger_smoke_cuad18_dm_b8_net_1778859012.partial.json	critical ledger smoke run; diagnostic only
experiments/cross_domain/results/battle_inject_memory_stress_condition_trigger_critical_directsubgraphnaive_relation_first_severitygrid_cuad_bgb_2size_b60_bgb14_condition_trigger_critical_b60_1778838788.json	experiments/cross_domain/results/_soft_deleted_20260517/known_invalid_fallback/battle_inject_memory_stress_condition_trigger_critical_directsubgraphnaive_relation_first_severitygrid_cuad_bgb_2size_b60_bgb14_condition_trigger_critical_b60_1778838788.json	known invalid fallback: requested BGB-14 resolved to actual 3-node SCC
experiments/cross_domain/results/battle_inject_memory_stress_condition_trigger_critical_directsubgraphnaive_relation_first_severitygrid_cuad_bgb_2size_b60_bgb14_condition_trigger_critical_b60_1778838788.partial.json	experiments/cross_domain/results/_soft_deleted_20260517/known_invalid_fallback/battle_inject_memory_stress_condition_trigger_critical_directsubgraphnaive_relation_first_severitygrid_cuad_bgb_2size_b60_bgb14_condition_trigger_critical_b60_1778838788.partial.json	known invalid fallback: requested BGB-14 resolved to actual 3-node SCC
experiments/cross_domain/results/battle_inject_memory_stress_condition_trigger_directsubgraphnaive_relation_first_severitygrid_cuad_bgb_2size_b60_bgb14_condition_trigger_standard_b60_1778838727.json	experiments/cross_domain/results/_soft_deleted_20260517/known_invalid_fallback/battle_inject_memory_stress_condition_trigger_directsubgraphnaive_relation_first_severitygrid_cuad_bgb_2size_b60_bgb14_condition_trigger_standard_b60_1778838727.json	known invalid fallback: requested BGB-14 resolved to actual 3-node SCC
experiments/cross_domain/results/battle_inject_memory_stress_condition_trigger_directsubgraphnaive_relation_first_severitygrid_cuad_bgb_2size_b60_bgb14_condition_trigger_standard_b60_1778838727.partial.json	experiments/cross_domain/results/_soft_deleted_20260517/known_invalid_fallback/battle_inject_memory_stress_condition_trigger_directsubgraphnaive_relation_first_severitygrid_cuad_bgb_2size_b60_bgb14_condition_trigger_standard_b60_1778838727.partial.json	known invalid fallback: requested BGB-14 resolved to actual 3-node SCC
experiments/cross_domain/results/battle_inject_memory_stress_condition_trigger_severe_directsubgraphnaive_relation_first_severitygrid_cuad_bgb_2size_b60_bgb14_condition_trigger_severe_b60_1778838756.json	experiments/cross_domain/results/_soft_deleted_20260517/known_invalid_fallback/battle_inject_memory_stress_condition_trigger_severe_directsubgraphnaive_relation_first_severitygrid_cuad_bgb_2size_b60_bgb14_condition_trigger_severe_b60_1778838756.json	known invalid fallback: requested BGB-14 resolved to actual 3-node SCC
experiments/cross_domain/results/battle_inject_memory_stress_condition_trigger_severe_directsubgraphnaive_relation_first_severitygrid_cuad_bgb_2size_b60_bgb14_condition_trigger_severe_b60_1778838756.partial.json	experiments/cross_domain/results/_soft_deleted_20260517/known_invalid_fallback/battle_inject_memory_stress_condition_trigger_severe_directsubgraphnaive_relation_first_severitygrid_cuad_bgb_2size_b60_bgb14_condition_trigger_severe_b60_1778838756.partial.json	known invalid fallback: requested BGB-14 resolved to actual 3-node SCC
experiments/cross_domain/results/battle_inject_memory_stress_direct_mutex_critical_directsubgraphnaive_relation_first_severitygrid_cuad_bgb_2size_b60_bgb14_direct_mutex_critical_b60_1778838165.json	experiments/cross_domain/results/_soft_deleted_20260517/known_invalid_fallback/battle_inject_memory_stress_direct_mutex_critical_directsubgraphnaive_relation_first_severitygrid_cuad_bgb_2size_b60_bgb14_direct_mutex_critical_b60_1778838165.json	known invalid fallback: requested BGB-14 resolved to actual 3-node SCC
experiments/cross_domain/results/battle_inject_memory_stress_direct_mutex_critical_directsubgraphnaive_relation_first_severitygrid_cuad_bgb_2size_b60_bgb14_direct_mutex_critical_b60_1778838165.partial.json	experiments/cross_domain/results/_soft_deleted_20260517/known_invalid_fallback/battle_inject_memory_stress_direct_mutex_critical_directsubgraphnaive_relation_first_severitygrid_cuad_bgb_2size_b60_bgb14_direct_mutex_critical_b60_1778838165.partial.json	known invalid fallback: requested BGB-14 resolved to actual 3-node SCC
experiments/cross_domain/results/battle_inject_memory_stress_direct_mutex_directsubgraphnaive_relation_first_severitygrid_cuad_bgb_2size_b60_bgb14_direct_mutex_standard_b60_1778837918.json	experiments/cross_domain/results/_soft_deleted_20260517/known_invalid_fallback/battle_inject_memory_stress_direct_mutex_directsubgraphnaive_relation_first_severitygrid_cuad_bgb_2size_b60_bgb14_direct_mutex_standard_b60_1778837918.json	known invalid fallback: requested BGB-14 resolved to actual 3-node SCC
experiments/cross_domain/results/battle_inject_memory_stress_direct_mutex_directsubgraphnaive_relation_first_severitygrid_cuad_bgb_2size_b60_bgb14_direct_mutex_standard_b60_1778837918.partial.json	experiments/cross_domain/results/_soft_deleted_20260517/known_invalid_fallback/battle_inject_memory_stress_direct_mutex_directsubgraphnaive_relation_first_severitygrid_cuad_bgb_2size_b60_bgb14_direct_mutex_standard_b60_1778837918.partial.json	known invalid fallback: requested BGB-14 resolved to actual 3-node SCC
experiments/cross_domain/results/battle_inject_memory_stress_direct_mutex_severe_directsubgraphnaive_relation_first_severitygrid_cuad_bgb_2size_b60_bgb14_direct_mutex_severe_b60_1778837937.json	experiments/cross_domain/results/_soft_deleted_20260517/known_invalid_fallback/battle_inject_memory_stress_direct_mutex_severe_directsubgraphnaive_relation_first_severitygrid_cuad_bgb_2size_b60_bgb14_direct_mutex_severe_b60_1778837937.json	known invalid fallback: requested BGB-14 resolved to actual 3-node SCC
experiments/cross_domain/results/battle_inject_memory_stress_direct_mutex_severe_directsubgraphnaive_relation_first_severitygrid_cuad_bgb_2size_b60_bgb14_direct_mutex_severe_b60_1778837937.partial.json	experiments/cross_domain/results/_soft_deleted_20260517/known_invalid_fallback/battle_inject_memory_stress_direct_mutex_severe_directsubgraphnaive_relation_first_severitygrid_cuad_bgb_2size_b60_bgb14_direct_mutex_severe_b60_1778837937.partial.json	known invalid fallback: requested BGB-14 resolved to actual 3-node SCC
experiments/cross_domain/results/battle_inject_memory_stress_handoff_invariant_critical_directsubgraphnaive_relation_first_severitygrid_cuad_bgb_2size_b60_bgb14_handoff_invariant_critical_b60_1778838425.json	experiments/cross_domain/results/_soft_deleted_20260517/known_invalid_fallback/battle_inject_memory_stress_handoff_invariant_critical_directsubgraphnaive_relation_first_severitygrid_cuad_bgb_2size_b60_bgb14_handoff_invariant_critical_b60_1778838425.json	known invalid fallback: requested BGB-14 resolved to actual 3-node SCC
experiments/cross_domain/results/battle_inject_memory_stress_handoff_invariant_critical_directsubgraphnaive_relation_first_severitygrid_cuad_bgb_2size_b60_bgb14_handoff_invariant_critical_b60_1778838425.partial.json	experiments/cross_domain/results/_soft_deleted_20260517/known_invalid_fallback/battle_inject_memory_stress_handoff_invariant_critical_directsubgraphnaive_relation_first_severitygrid_cuad_bgb_2size_b60_bgb14_handoff_invariant_critical_b60_1778838425.partial.json	known invalid fallback: requested BGB-14 resolved to actual 3-node SCC
experiments/cross_domain/results/battle_inject_memory_stress_handoff_invariant_directsubgraphnaive_relation_first_severitygrid_cuad_bgb_2size_b60_bgb14_handoff_invariant_standard_b60_1778838277.json	experiments/cross_domain/results/_soft_deleted_20260517/known_invalid_fallback/battle_inject_memory_stress_handoff_invariant_directsubgraphnaive_relation_first_severitygrid_cuad_bgb_2size_b60_bgb14_handoff_invariant_standard_b60_1778838277.json	known invalid fallback: requested BGB-14 resolved to actual 3-node SCC
experiments/cross_domain/results/battle_inject_memory_stress_handoff_invariant_directsubgraphnaive_relation_first_severitygrid_cuad_bgb_2size_b60_bgb14_handoff_invariant_standard_b60_1778838277.partial.json	experiments/cross_domain/results/_soft_deleted_20260517/known_invalid_fallback/battle_inject_memory_stress_handoff_invariant_directsubgraphnaive_relation_first_severitygrid_cuad_bgb_2size_b60_bgb14_handoff_invariant_standard_b60_1778838277.partial.json	known invalid fallback: requested BGB-14 resolved to actual 3-node SCC
experiments/cross_domain/results/battle_inject_memory_stress_handoff_invariant_severe_directsubgraphnaive_relation_first_severitygrid_cuad_bgb_2size_b60_bgb14_handoff_invariant_severe_b60_1778838295.json	experiments/cross_domain/results/_soft_deleted_20260517/known_invalid_fallback/battle_inject_memory_stress_handoff_invariant_severe_directsubgraphnaive_relation_first_severitygrid_cuad_bgb_2size_b60_bgb14_handoff_invariant_severe_b60_1778838295.json	known invalid fallback: requested BGB-14 resolved to actual 3-node SCC
experiments/cross_domain/results/battle_inject_memory_stress_handoff_invariant_severe_directsubgraphnaive_relation_first_severitygrid_cuad_bgb_2size_b60_bgb14_handoff_invariant_severe_b60_1778838295.partial.json	experiments/cross_domain/results/_soft_deleted_20260517/known_invalid_fallback/battle_inject_memory_stress_handoff_invariant_severe_directsubgraphnaive_relation_first_severitygrid_cuad_bgb_2size_b60_bgb14_handoff_invariant_severe_b60_1778838295.partial.json	known invalid fallback: requested BGB-14 resolved to actual 3-node SCC
experiments/cross_domain/results/battle_inject_memory_stress_temporal_gate_critical_directsubgraphnaive_relation_first_severitygrid_cuad_bgb_2size_b60_bgb14_temporal_gate_critical_b60_1778838553.json	experiments/cross_domain/results/_soft_deleted_20260517/known_invalid_fallback/battle_inject_memory_stress_temporal_gate_critical_directsubgraphnaive_relation_first_severitygrid_cuad_bgb_2size_b60_bgb14_temporal_gate_critical_b60_1778838553.json	known invalid fallback: requested BGB-14 resolved to actual 3-node SCC
experiments/cross_domain/results/battle_inject_memory_stress_temporal_gate_critical_directsubgraphnaive_relation_first_severitygrid_cuad_bgb_2size_b60_bgb14_temporal_gate_critical_b60_1778838553.partial.json	experiments/cross_domain/results/_soft_deleted_20260517/known_invalid_fallback/battle_inject_memory_stress_temporal_gate_critical_directsubgraphnaive_relation_first_severitygrid_cuad_bgb_2size_b60_bgb14_temporal_gate_critical_b60_1778838553.partial.json	known invalid fallback: requested BGB-14 resolved to actual 3-node SCC
experiments/cross_domain/results/battle_inject_memory_stress_temporal_gate_directsubgraphnaive_relation_first_severitygrid_cuad_bgb_2size_b60_bgb14_temporal_gate_standard_b60_1778838477.json	experiments/cross_domain/results/_soft_deleted_20260517/known_invalid_fallback/battle_inject_memory_stress_temporal_gate_directsubgraphnaive_relation_first_severitygrid_cuad_bgb_2size_b60_bgb14_temporal_gate_standard_b60_1778838477.json	known invalid fallback: requested BGB-14 resolved to actual 3-node SCC
experiments/cross_domain/results/battle_inject_memory_stress_temporal_gate_directsubgraphnaive_relation_first_severitygrid_cuad_bgb_2size_b60_bgb14_temporal_gate_standard_b60_1778838477.partial.json	experiments/cross_domain/results/_soft_deleted_20260517/known_invalid_fallback/battle_inject_memory_stress_temporal_gate_directsubgraphnaive_relation_first_severitygrid_cuad_bgb_2size_b60_bgb14_temporal_gate_standard_b60_1778838477.partial.json	known invalid fallback: requested BGB-14 resolved to actual 3-node SCC
experiments/cross_domain/results/battle_inject_memory_stress_temporal_gate_severe_directsubgraphnaive_relation_first_severitygrid_cuad_bgb_2size_b60_bgb14_temporal_gate_severe_b60_1778838520.json	experiments/cross_domain/results/_soft_deleted_20260517/known_invalid_fallback/battle_inject_memory_stress_temporal_gate_severe_directsubgraphnaive_relation_first_severitygrid_cuad_bgb_2size_b60_bgb14_temporal_gate_severe_b60_1778838520.json	known invalid fallback: requested BGB-14 resolved to actual 3-node SCC
experiments/cross_domain/results/battle_inject_memory_stress_temporal_gate_severe_directsubgraphnaive_relation_first_severitygrid_cuad_bgb_2size_b60_bgb14_temporal_gate_severe_b60_1778838520.partial.json	experiments/cross_domain/results/_soft_deleted_20260517/known_invalid_fallback/battle_inject_memory_stress_temporal_gate_severe_directsubgraphnaive_relation_first_severitygrid_cuad_bgb_2size_b60_bgb14_temporal_gate_severe_b60_1778838520.partial.json	known invalid fallback: requested BGB-14 resolved to actual 3-node SCC
experiments/cross_domain/results/battle_inject_memory_stress_condition_trigger_critical_directsubgraphnaive_samcgsonly_relation_first_compression_profile_sweep_b60_aggressive_bgb25_condition_trigger_critical_b60_1778900897.json	experiments/cross_domain/results/_soft_deleted_20260517/superseded_compression/battle_inject_memory_stress_condition_trigger_critical_directsubgraphnaive_samcgsonly_relation_first_compression_profile_sweep_b60_aggressive_bgb25_condition_trigger_critical_b60_1778900897.json	old non-net compression profile sweep; replaced by compression_profile_sweep_b60_net
experiments/cross_domain/results/battle_inject_memory_stress_condition_trigger_critical_directsubgraphnaive_samcgsonly_relation_first_compression_profile_sweep_b60_aggressive_bgb25_condition_trigger_critical_b60_1778900897.partial.json	experiments/cross_domain/results/_soft_deleted_20260517/superseded_compression/battle_inject_memory_stress_condition_trigger_critical_directsubgraphnaive_samcgsonly_relation_first_compression_profile_sweep_b60_aggressive_bgb25_condition_trigger_critical_b60_1778900897.partial.json	old non-net compression profile sweep; replaced by compression_profile_sweep_b60_net
experiments/cross_domain/results/battle_inject_memory_stress_condition_trigger_critical_directsubgraphnaive_samcgsonly_relation_first_compression_profile_sweep_b60_aggressive_cuad25_condition_trigger_critical_b60_1778900971.json	experiments/cross_domain/results/_soft_deleted_20260517/superseded_compression/battle_inject_memory_stress_condition_trigger_critical_directsubgraphnaive_samcgsonly_relation_first_compression_profile_sweep_b60_aggressive_cuad25_condition_trigger_critical_b60_1778900971.json	old non-net compression profile sweep; replaced by compression_profile_sweep_b60_net
experiments/cross_domain/results/battle_inject_memory_stress_condition_trigger_critical_directsubgraphnaive_samcgsonly_relation_first_compression_profile_sweep_b60_aggressive_cuad25_condition_trigger_critical_b60_1778900971.partial.json	experiments/cross_domain/results/_soft_deleted_20260517/superseded_compression/battle_inject_memory_stress_condition_trigger_critical_directsubgraphnaive_samcgsonly_relation_first_compression_profile_sweep_b60_aggressive_cuad25_condition_trigger_critical_b60_1778900971.partial.json	old non-net compression profile sweep; replaced by compression_profile_sweep_b60_net
experiments/cross_domain/results/battle_inject_memory_stress_condition_trigger_critical_directsubgraphnaive_samcgsonly_relation_first_compression_profile_sweep_b60_aggressive_cuad34_condition_trigger_critical_b60_1778900973.json	experiments/cross_domain/results/_soft_deleted_20260517/superseded_compression/battle_inject_memory_stress_condition_trigger_critical_directsubgraphnaive_samcgsonly_relation_first_compression_profile_sweep_b60_aggressive_cuad34_condition_trigger_critical_b60_1778900973.json	old non-net compression profile sweep; replaced by compression_profile_sweep_b60_net
experiments/cross_domain/results/battle_inject_memory_stress_condition_trigger_critical_directsubgraphnaive_samcgsonly_relation_first_compression_profile_sweep_b60_aggressive_cuad34_condition_trigger_critical_b60_1778900973.partial.json	experiments/cross_domain/results/_soft_deleted_20260517/superseded_compression/battle_inject_memory_stress_condition_trigger_critical_directsubgraphnaive_samcgsonly_relation_first_compression_profile_sweep_b60_aggressive_cuad34_condition_trigger_critical_b60_1778900973.partial.json	old non-net compression profile sweep; replaced by compression_profile_sweep_b60_net
experiments/cross_domain/results/battle_inject_memory_stress_condition_trigger_critical_directsubgraphnaive_samcgsonly_relation_first_compression_profile_sweep_b60_aggressive_debian12_condition_trigger_critical_b60_1778901051.json	experiments/cross_domain/results/_soft_deleted_20260517/superseded_compression/battle_inject_memory_stress_condition_trigger_critical_directsubgraphnaive_samcgsonly_relation_first_compression_profile_sweep_b60_aggressive_debian12_condition_trigger_critical_b60_1778901051.json	old non-net compression profile sweep; replaced by compression_profile_sweep_b60_net
experiments/cross_domain/results/battle_inject_memory_stress_condition_trigger_critical_directsubgraphnaive_samcgsonly_relation_first_compression_profile_sweep_b60_aggressive_debian12_condition_trigger_critical_b60_1778901051.partial.json	experiments/cross_domain/results/_soft_deleted_20260517/superseded_compression/battle_inject_memory_stress_condition_trigger_critical_directsubgraphnaive_samcgsonly_relation_first_compression_profile_sweep_b60_aggressive_debian12_condition_trigger_critical_b60_1778901051.partial.json	old non-net compression profile sweep; replaced by compression_profile_sweep_b60_net
experiments/cross_domain/results/battle_inject_memory_stress_condition_trigger_critical_directsubgraphnaive_samcgsonly_relation_first_compression_profile_sweep_b60_aggressive_sec_ex2118_condition_trigger_critical_b60_1778901063.json	experiments/cross_domain/results/_soft_deleted_20260517/superseded_compression/battle_inject_memory_stress_condition_trigger_critical_directsubgraphnaive_samcgsonly_relation_first_compression_profile_sweep_b60_aggressive_sec_ex2118_condition_trigger_critical_b60_1778901063.json	old non-net compression profile sweep; replaced by compression_profile_sweep_b60_net
experiments/cross_domain/results/battle_inject_memory_stress_condition_trigger_critical_directsubgraphnaive_samcgsonly_relation_first_compression_profile_sweep_b60_aggressive_sec_ex2118_condition_trigger_critical_b60_1778901063.partial.json	experiments/cross_domain/results/_soft_deleted_20260517/superseded_compression/battle_inject_memory_stress_condition_trigger_critical_directsubgraphnaive_samcgsonly_relation_first_compression_profile_sweep_b60_aggressive_sec_ex2118_condition_trigger_critical_b60_1778901063.partial.json	old non-net compression profile sweep; replaced by compression_profile_sweep_b60_net
experiments/cross_domain/results/battle_inject_memory_stress_direct_mutex_critical_directsubgraphnaive_samcgsonly_relation_first_compression_profile_sweep_b60_aggressive_bgb25_direct_mutex_critical_b60_1778900897.json	experiments/cross_domain/results/_soft_deleted_20260517/superseded_compression/battle_inject_memory_stress_direct_mutex_critical_directsubgraphnaive_samcgsonly_relation_first_compression_profile_sweep_b60_aggressive_bgb25_direct_mutex_critical_b60_1778900897.json	old non-net compression profile sweep; replaced by compression_profile_sweep_b60_net
experiments/cross_domain/results/battle_inject_memory_stress_direct_mutex_critical_directsubgraphnaive_samcgsonly_relation_first_compression_profile_sweep_b60_aggressive_bgb25_direct_mutex_critical_b60_1778900897.partial.json	experiments/cross_domain/results/_soft_deleted_20260517/superseded_compression/battle_inject_memory_stress_direct_mutex_critical_directsubgraphnaive_samcgsonly_relation_first_compression_profile_sweep_b60_aggressive_bgb25_direct_mutex_critical_b60_1778900897.partial.json	old non-net compression profile sweep; replaced by compression_profile_sweep_b60_net
experiments/cross_domain/results/battle_inject_memory_stress_direct_mutex_critical_directsubgraphnaive_samcgsonly_relation_first_compression_profile_sweep_b60_aggressive_cuad25_direct_mutex_critical_b60_1778900898.json	experiments/cross_domain/results/_soft_deleted_20260517/superseded_compression/battle_inject_memory_stress_direct_mutex_critical_directsubgraphnaive_samcgsonly_relation_first_compression_profile_sweep_b60_aggressive_cuad25_direct_mutex_critical_b60_1778900898.json	old non-net compression profile sweep; replaced by compression_profile_sweep_b60_net
experiments/cross_domain/results/battle_inject_memory_stress_direct_mutex_critical_directsubgraphnaive_samcgsonly_relation_first_compression_profile_sweep_b60_aggressive_cuad25_direct_mutex_critical_b60_1778900898.partial.json	experiments/cross_domain/results/_soft_deleted_20260517/superseded_compression/battle_inject_memory_stress_direct_mutex_critical_directsubgraphnaive_samcgsonly_relation_first_compression_profile_sweep_b60_aggressive_cuad25_direct_mutex_critical_b60_1778900898.partial.json	old non-net compression profile sweep; replaced by compression_profile_sweep_b60_net
experiments/cross_domain/results/battle_inject_memory_stress_direct_mutex_critical_directsubgraphnaive_samcgsonly_relation_first_compression_profile_sweep_b60_aggressive_cuad34_direct_mutex_critical_b60_1778900971.json	experiments/cross_domain/results/_soft_deleted_20260517/superseded_compression/battle_inject_memory_stress_direct_mutex_critical_directsubgraphnaive_samcgsonly_relation_first_compression_profile_sweep_b60_aggressive_cuad34_direct_mutex_critical_b60_1778900971.json	old non-net compression profile sweep; replaced by compression_profile_sweep_b60_net
experiments/cross_domain/results/battle_inject_memory_stress_direct_mutex_critical_directsubgraphnaive_samcgsonly_relation_first_compression_profile_sweep_b60_aggressive_cuad34_direct_mutex_critical_b60_1778900971.partial.json	experiments/cross_domain/results/_soft_deleted_20260517/superseded_compression/battle_inject_memory_stress_direct_mutex_critical_directsubgraphnaive_samcgsonly_relation_first_compression_profile_sweep_b60_aggressive_cuad34_direct_mutex_critical_b60_1778900971.partial.json	old non-net compression profile sweep; replaced by compression_profile_sweep_b60_net
experiments/cross_domain/results/battle_inject_memory_stress_direct_mutex_critical_directsubgraphnaive_samcgsonly_relation_first_compression_profile_sweep_b60_aggressive_debian12_direct_mutex_critical_b60_1778901050.json	experiments/cross_domain/results/_soft_deleted_20260517/superseded_compression/battle_inject_memory_stress_direct_mutex_critical_directsubgraphnaive_samcgsonly_relation_first_compression_profile_sweep_b60_aggressive_debian12_direct_mutex_critical_b60_1778901050.json	old non-net compression profile sweep; replaced by compression_profile_sweep_b60_net
experiments/cross_domain/results/battle_inject_memory_stress_direct_mutex_critical_directsubgraphnaive_samcgsonly_relation_first_compression_profile_sweep_b60_aggressive_debian12_direct_mutex_critical_b60_1778901050.partial.json	experiments/cross_domain/results/_soft_deleted_20260517/superseded_compression/battle_inject_memory_stress_direct_mutex_critical_directsubgraphnaive_samcgsonly_relation_first_compression_profile_sweep_b60_aggressive_debian12_direct_mutex_critical_b60_1778901050.partial.json	old non-net compression profile sweep; replaced by compression_profile_sweep_b60_net
experiments/cross_domain/results/battle_inject_memory_stress_direct_mutex_critical_directsubgraphnaive_samcgsonly_relation_first_compression_profile_sweep_b60_aggressive_sec_ex2118_direct_mutex_critical_b60_1778901062.json	experiments/cross_domain/results/_soft_deleted_20260517/superseded_compression/battle_inject_memory_stress_direct_mutex_critical_directsubgraphnaive_samcgsonly_relation_first_compression_profile_sweep_b60_aggressive_sec_ex2118_direct_mutex_critical_b60_1778901062.json	old non-net compression profile sweep; replaced by compression_profile_sweep_b60_net
experiments/cross_domain/results/battle_inject_memory_stress_direct_mutex_critical_directsubgraphnaive_samcgsonly_relation_first_compression_profile_sweep_b60_aggressive_sec_ex2118_direct_mutex_critical_b60_1778901062.partial.json	experiments/cross_domain/results/_soft_deleted_20260517/superseded_compression/battle_inject_memory_stress_direct_mutex_critical_directsubgraphnaive_samcgsonly_relation_first_compression_profile_sweep_b60_aggressive_sec_ex2118_direct_mutex_critical_b60_1778901062.partial.json	old non-net compression profile sweep; replaced by compression_profile_sweep_b60_net
experiments/cross_domain/results/battle_inject_memory_stress_condition_trigger_critical_directsubgraphnaive_samcgsonly_relation_first_compression_profile_sweep_b60_balanced_bgb25_condition_trigger_critical_b60_1778900897.json	experiments/cross_domain/results/_soft_deleted_20260517/superseded_compression/battle_inject_memory_stress_condition_trigger_critical_directsubgraphnaive_samcgsonly_relation_first_compression_profile_sweep_b60_balanced_bgb25_condition_trigger_critical_b60_1778900897.json	old non-net compression profile sweep; replaced by compression_profile_sweep_b60_net
experiments/cross_domain/results/battle_inject_memory_stress_condition_trigger_critical_directsubgraphnaive_samcgsonly_relation_first_compression_profile_sweep_b60_balanced_bgb25_condition_trigger_critical_b60_1778900897.partial.json	experiments/cross_domain/results/_soft_deleted_20260517/superseded_compression/battle_inject_memory_stress_condition_trigger_critical_directsubgraphnaive_samcgsonly_relation_first_compression_profile_sweep_b60_balanced_bgb25_condition_trigger_critical_b60_1778900897.partial.json	old non-net compression profile sweep; replaced by compression_profile_sweep_b60_net
experiments/cross_domain/results/battle_inject_memory_stress_condition_trigger_critical_directsubgraphnaive_samcgsonly_relation_first_compression_profile_sweep_b60_balanced_cuad25_condition_trigger_critical_b60_1778900971.json	experiments/cross_domain/results/_soft_deleted_20260517/superseded_compression/battle_inject_memory_stress_condition_trigger_critical_directsubgraphnaive_samcgsonly_relation_first_compression_profile_sweep_b60_balanced_cuad25_condition_trigger_critical_b60_1778900971.json	old non-net compression profile sweep; replaced by compression_profile_sweep_b60_net
experiments/cross_domain/results/battle_inject_memory_stress_condition_trigger_critical_directsubgraphnaive_samcgsonly_relation_first_compression_profile_sweep_b60_balanced_cuad25_condition_trigger_critical_b60_1778900971.partial.json	experiments/cross_domain/results/_soft_deleted_20260517/superseded_compression/battle_inject_memory_stress_condition_trigger_critical_directsubgraphnaive_samcgsonly_relation_first_compression_profile_sweep_b60_balanced_cuad25_condition_trigger_critical_b60_1778900971.partial.json	old non-net compression profile sweep; replaced by compression_profile_sweep_b60_net
experiments/cross_domain/results/battle_inject_memory_stress_condition_trigger_critical_directsubgraphnaive_samcgsonly_relation_first_compression_profile_sweep_b60_balanced_cuad34_condition_trigger_critical_b60_1778900973.json	experiments/cross_domain/results/_soft_deleted_20260517/superseded_compression/battle_inject_memory_stress_condition_trigger_critical_directsubgraphnaive_samcgsonly_relation_first_compression_profile_sweep_b60_balanced_cuad34_condition_trigger_critical_b60_1778900973.json	old non-net compression profile sweep; replaced by compression_profile_sweep_b60_net
experiments/cross_domain/results/battle_inject_memory_stress_condition_trigger_critical_directsubgraphnaive_samcgsonly_relation_first_compression_profile_sweep_b60_balanced_cuad34_condition_trigger_critical_b60_1778900973.partial.json	experiments/cross_domain/results/_soft_deleted_20260517/superseded_compression/battle_inject_memory_stress_condition_trigger_critical_directsubgraphnaive_samcgsonly_relation_first_compression_profile_sweep_b60_balanced_cuad34_condition_trigger_critical_b60_1778900973.partial.json	old non-net compression profile sweep; replaced by compression_profile_sweep_b60_net
experiments/cross_domain/results/battle_inject_memory_stress_condition_trigger_critical_directsubgraphnaive_samcgsonly_relation_first_compression_profile_sweep_b60_balanced_debian12_condition_trigger_critical_b60_1778901051.json	experiments/cross_domain/results/_soft_deleted_20260517/superseded_compression/battle_inject_memory_stress_condition_trigger_critical_directsubgraphnaive_samcgsonly_relation_first_compression_profile_sweep_b60_balanced_debian12_condition_trigger_critical_b60_1778901051.json	old non-net compression profile sweep; replaced by compression_profile_sweep_b60_net
experiments/cross_domain/results/battle_inject_memory_stress_condition_trigger_critical_directsubgraphnaive_samcgsonly_relation_first_compression_profile_sweep_b60_balanced_debian12_condition_trigger_critical_b60_1778901051.partial.json	experiments/cross_domain/results/_soft_deleted_20260517/superseded_compression/battle_inject_memory_stress_condition_trigger_critical_directsubgraphnaive_samcgsonly_relation_first_compression_profile_sweep_b60_balanced_debian12_condition_trigger_critical_b60_1778901051.partial.json	old non-net compression profile sweep; replaced by compression_profile_sweep_b60_net
experiments/cross_domain/results/battle_inject_memory_stress_condition_trigger_critical_directsubgraphnaive_samcgsonly_relation_first_compression_profile_sweep_b60_balanced_sec_ex2118_condition_trigger_critical_b60_1778901063.json	experiments/cross_domain/results/_soft_deleted_20260517/superseded_compression/battle_inject_memory_stress_condition_trigger_critical_directsubgraphnaive_samcgsonly_relation_first_compression_profile_sweep_b60_balanced_sec_ex2118_condition_trigger_critical_b60_1778901063.json	old non-net compression profile sweep; replaced by compression_profile_sweep_b60_net
experiments/cross_domain/results/battle_inject_memory_stress_condition_trigger_critical_directsubgraphnaive_samcgsonly_relation_first_compression_profile_sweep_b60_balanced_sec_ex2118_condition_trigger_critical_b60_1778901063.partial.json	experiments/cross_domain/results/_soft_deleted_20260517/superseded_compression/battle_inject_memory_stress_condition_trigger_critical_directsubgraphnaive_samcgsonly_relation_first_compression_profile_sweep_b60_balanced_sec_ex2118_condition_trigger_critical_b60_1778901063.partial.json	old non-net compression profile sweep; replaced by compression_profile_sweep_b60_net
experiments/cross_domain/results/battle_inject_memory_stress_direct_mutex_critical_directsubgraphnaive_samcgsonly_relation_first_compression_profile_sweep_b60_balanced_bgb25_direct_mutex_critical_b60_1778900897.json	experiments/cross_domain/results/_soft_deleted_20260517/superseded_compression/battle_inject_memory_stress_direct_mutex_critical_directsubgraphnaive_samcgsonly_relation_first_compression_profile_sweep_b60_balanced_bgb25_direct_mutex_critical_b60_1778900897.json	old non-net compression profile sweep; replaced by compression_profile_sweep_b60_net
experiments/cross_domain/results/battle_inject_memory_stress_direct_mutex_critical_directsubgraphnaive_samcgsonly_relation_first_compression_profile_sweep_b60_balanced_bgb25_direct_mutex_critical_b60_1778900897.partial.json	experiments/cross_domain/results/_soft_deleted_20260517/superseded_compression/battle_inject_memory_stress_direct_mutex_critical_directsubgraphnaive_samcgsonly_relation_first_compression_profile_sweep_b60_balanced_bgb25_direct_mutex_critical_b60_1778900897.partial.json	old non-net compression profile sweep; replaced by compression_profile_sweep_b60_net
experiments/cross_domain/results/battle_inject_memory_stress_direct_mutex_critical_directsubgraphnaive_samcgsonly_relation_first_compression_profile_sweep_b60_balanced_cuad25_direct_mutex_critical_b60_1778900898.json	experiments/cross_domain/results/_soft_deleted_20260517/superseded_compression/battle_inject_memory_stress_direct_mutex_critical_directsubgraphnaive_samcgsonly_relation_first_compression_profile_sweep_b60_balanced_cuad25_direct_mutex_critical_b60_1778900898.json	old non-net compression profile sweep; replaced by compression_profile_sweep_b60_net
experiments/cross_domain/results/battle_inject_memory_stress_direct_mutex_critical_directsubgraphnaive_samcgsonly_relation_first_compression_profile_sweep_b60_balanced_cuad25_direct_mutex_critical_b60_1778900898.partial.json	experiments/cross_domain/results/_soft_deleted_20260517/superseded_compression/battle_inject_memory_stress_direct_mutex_critical_directsubgraphnaive_samcgsonly_relation_first_compression_profile_sweep_b60_balanced_cuad25_direct_mutex_critical_b60_1778900898.partial.json	old non-net compression profile sweep; replaced by compression_profile_sweep_b60_net
experiments/cross_domain/results/battle_inject_memory_stress_direct_mutex_critical_directsubgraphnaive_samcgsonly_relation_first_compression_profile_sweep_b60_balanced_cuad34_direct_mutex_critical_b60_1778900971.json	experiments/cross_domain/results/_soft_deleted_20260517/superseded_compression/battle_inject_memory_stress_direct_mutex_critical_directsubgraphnaive_samcgsonly_relation_first_compression_profile_sweep_b60_balanced_cuad34_direct_mutex_critical_b60_1778900971.json	old non-net compression profile sweep; replaced by compression_profile_sweep_b60_net
experiments/cross_domain/results/battle_inject_memory_stress_direct_mutex_critical_directsubgraphnaive_samcgsonly_relation_first_compression_profile_sweep_b60_balanced_cuad34_direct_mutex_critical_b60_1778900971.partial.json	experiments/cross_domain/results/_soft_deleted_20260517/superseded_compression/battle_inject_memory_stress_direct_mutex_critical_directsubgraphnaive_samcgsonly_relation_first_compression_profile_sweep_b60_balanced_cuad34_direct_mutex_critical_b60_1778900971.partial.json	old non-net compression profile sweep; replaced by compression_profile_sweep_b60_net
experiments/cross_domain/results/battle_inject_memory_stress_direct_mutex_critical_directsubgraphnaive_samcgsonly_relation_first_compression_profile_sweep_b60_balanced_debian12_direct_mutex_critical_b60_1778900976.json	experiments/cross_domain/results/_soft_deleted_20260517/superseded_compression/battle_inject_memory_stress_direct_mutex_critical_directsubgraphnaive_samcgsonly_relation_first_compression_profile_sweep_b60_balanced_debian12_direct_mutex_critical_b60_1778900976.json	old non-net compression profile sweep; replaced by compression_profile_sweep_b60_net
experiments/cross_domain/results/battle_inject_memory_stress_direct_mutex_critical_directsubgraphnaive_samcgsonly_relation_first_compression_profile_sweep_b60_balanced_debian12_direct_mutex_critical_b60_1778900976.partial.json	experiments/cross_domain/results/_soft_deleted_20260517/superseded_compression/battle_inject_memory_stress_direct_mutex_critical_directsubgraphnaive_samcgsonly_relation_first_compression_profile_sweep_b60_balanced_debian12_direct_mutex_critical_b60_1778900976.partial.json	old non-net compression profile sweep; replaced by compression_profile_sweep_b60_net
experiments/cross_domain/results/battle_inject_memory_stress_direct_mutex_critical_directsubgraphnaive_samcgsonly_relation_first_compression_profile_sweep_b60_balanced_sec_ex2118_direct_mutex_critical_b60_1778901060.json	experiments/cross_domain/results/_soft_deleted_20260517/superseded_compression/battle_inject_memory_stress_direct_mutex_critical_directsubgraphnaive_samcgsonly_relation_first_compression_profile_sweep_b60_balanced_sec_ex2118_direct_mutex_critical_b60_1778901060.json	old non-net compression profile sweep; replaced by compression_profile_sweep_b60_net
experiments/cross_domain/results/battle_inject_memory_stress_direct_mutex_critical_directsubgraphnaive_samcgsonly_relation_first_compression_profile_sweep_b60_balanced_sec_ex2118_direct_mutex_critical_b60_1778901060.partial.json	experiments/cross_domain/results/_soft_deleted_20260517/superseded_compression/battle_inject_memory_stress_direct_mutex_critical_directsubgraphnaive_samcgsonly_relation_first_compression_profile_sweep_b60_balanced_sec_ex2118_direct_mutex_critical_b60_1778901060.partial.json	old non-net compression profile sweep; replaced by compression_profile_sweep_b60_net
experiments/cross_domain/results/battle_inject_memory_stress_condition_trigger_critical_directsubgraphnaive_samcgsonly_relation_first_compression_profile_sweep_b60_conservative_bgb25_condition_trigger_critical_b60_1778900897.json	experiments/cross_domain/results/_soft_deleted_20260517/superseded_compression/battle_inject_memory_stress_condition_trigger_critical_directsubgraphnaive_samcgsonly_relation_first_compression_profile_sweep_b60_conservative_bgb25_condition_trigger_critical_b60_1778900897.json	old non-net compression profile sweep; replaced by compression_profile_sweep_b60_net
experiments/cross_domain/results/battle_inject_memory_stress_condition_trigger_critical_directsubgraphnaive_samcgsonly_relation_first_compression_profile_sweep_b60_conservative_bgb25_condition_trigger_critical_b60_1778900897.partial.json	experiments/cross_domain/results/_soft_deleted_20260517/superseded_compression/battle_inject_memory_stress_condition_trigger_critical_directsubgraphnaive_samcgsonly_relation_first_compression_profile_sweep_b60_conservative_bgb25_condition_trigger_critical_b60_1778900897.partial.json	old non-net compression profile sweep; replaced by compression_profile_sweep_b60_net
experiments/cross_domain/results/battle_inject_memory_stress_condition_trigger_critical_directsubgraphnaive_samcgsonly_relation_first_compression_profile_sweep_b60_conservative_cuad25_condition_trigger_critical_b60_1778900898.json	experiments/cross_domain/results/_soft_deleted_20260517/superseded_compression/battle_inject_memory_stress_condition_trigger_critical_directsubgraphnaive_samcgsonly_relation_first_compression_profile_sweep_b60_conservative_cuad25_condition_trigger_critical_b60_1778900898.json	old non-net compression profile sweep; replaced by compression_profile_sweep_b60_net
experiments/cross_domain/results/battle_inject_memory_stress_condition_trigger_critical_directsubgraphnaive_samcgsonly_relation_first_compression_profile_sweep_b60_conservative_cuad25_condition_trigger_critical_b60_1778900898.partial.json	experiments/cross_domain/results/_soft_deleted_20260517/superseded_compression/battle_inject_memory_stress_condition_trigger_critical_directsubgraphnaive_samcgsonly_relation_first_compression_profile_sweep_b60_conservative_cuad25_condition_trigger_critical_b60_1778900898.partial.json	old non-net compression profile sweep; replaced by compression_profile_sweep_b60_net
experiments/cross_domain/results/battle_inject_memory_stress_condition_trigger_critical_directsubgraphnaive_samcgsonly_relation_first_compression_profile_sweep_b60_conservative_cuad34_condition_trigger_critical_b60_1778900971.json	experiments/cross_domain/results/_soft_deleted_20260517/superseded_compression/battle_inject_memory_stress_condition_trigger_critical_directsubgraphnaive_samcgsonly_relation_first_compression_profile_sweep_b60_conservative_cuad34_condition_trigger_critical_b60_1778900971.json	old non-net compression profile sweep; replaced by compression_profile_sweep_b60_net
experiments/cross_domain/results/battle_inject_memory_stress_condition_trigger_critical_directsubgraphnaive_samcgsonly_relation_first_compression_profile_sweep_b60_conservative_cuad34_condition_trigger_critical_b60_1778900971.partial.json	experiments/cross_domain/results/_soft_deleted_20260517/superseded_compression/battle_inject_memory_stress_condition_trigger_critical_directsubgraphnaive_samcgsonly_relation_first_compression_profile_sweep_b60_conservative_cuad34_condition_trigger_critical_b60_1778900971.partial.json	old non-net compression profile sweep; replaced by compression_profile_sweep_b60_net
experiments/cross_domain/results/battle_inject_memory_stress_condition_trigger_critical_directsubgraphnaive_samcgsonly_relation_first_compression_profile_sweep_b60_conservative_debian12_condition_trigger_critical_b60_1778901050.json	experiments/cross_domain/results/_soft_deleted_20260517/superseded_compression/battle_inject_memory_stress_condition_trigger_critical_directsubgraphnaive_samcgsonly_relation_first_compression_profile_sweep_b60_conservative_debian12_condition_trigger_critical_b60_1778901050.json	old non-net compression profile sweep; replaced by compression_profile_sweep_b60_net
experiments/cross_domain/results/battle_inject_memory_stress_condition_trigger_critical_directsubgraphnaive_samcgsonly_relation_first_compression_profile_sweep_b60_conservative_debian12_condition_trigger_critical_b60_1778901050.partial.json	experiments/cross_domain/results/_soft_deleted_20260517/superseded_compression/battle_inject_memory_stress_condition_trigger_critical_directsubgraphnaive_samcgsonly_relation_first_compression_profile_sweep_b60_conservative_debian12_condition_trigger_critical_b60_1778901050.partial.json	old non-net compression profile sweep; replaced by compression_profile_sweep_b60_net
experiments/cross_domain/results/battle_inject_memory_stress_condition_trigger_critical_directsubgraphnaive_samcgsonly_relation_first_compression_profile_sweep_b60_conservative_sec_ex2118_condition_trigger_critical_b60_1778901062.json	experiments/cross_domain/results/_soft_deleted_20260517/superseded_compression/battle_inject_memory_stress_condition_trigger_critical_directsubgraphnaive_samcgsonly_relation_first_compression_profile_sweep_b60_conservative_sec_ex2118_condition_trigger_critical_b60_1778901062.json	old non-net compression profile sweep; replaced by compression_profile_sweep_b60_net
experiments/cross_domain/results/battle_inject_memory_stress_condition_trigger_critical_directsubgraphnaive_samcgsonly_relation_first_compression_profile_sweep_b60_conservative_sec_ex2118_condition_trigger_critical_b60_1778901062.partial.json	experiments/cross_domain/results/_soft_deleted_20260517/superseded_compression/battle_inject_memory_stress_condition_trigger_critical_directsubgraphnaive_samcgsonly_relation_first_compression_profile_sweep_b60_conservative_sec_ex2118_condition_trigger_critical_b60_1778901062.partial.json	old non-net compression profile sweep; replaced by compression_profile_sweep_b60_net
experiments/cross_domain/results/battle_inject_memory_stress_direct_mutex_critical_directsubgraphnaive_samcgsonly_relation_first_compression_profile_sweep_b60_conservative_bgb25_direct_mutex_critical_b60_1778900897.json	experiments/cross_domain/results/_soft_deleted_20260517/superseded_compression/battle_inject_memory_stress_direct_mutex_critical_directsubgraphnaive_samcgsonly_relation_first_compression_profile_sweep_b60_conservative_bgb25_direct_mutex_critical_b60_1778900897.json	old non-net compression profile sweep; replaced by compression_profile_sweep_b60_net
experiments/cross_domain/results/battle_inject_memory_stress_direct_mutex_critical_directsubgraphnaive_samcgsonly_relation_first_compression_profile_sweep_b60_conservative_bgb25_direct_mutex_critical_b60_1778900897.partial.json	experiments/cross_domain/results/_soft_deleted_20260517/superseded_compression/battle_inject_memory_stress_direct_mutex_critical_directsubgraphnaive_samcgsonly_relation_first_compression_profile_sweep_b60_conservative_bgb25_direct_mutex_critical_b60_1778900897.partial.json	old non-net compression profile sweep; replaced by compression_profile_sweep_b60_net
experiments/cross_domain/results/battle_inject_memory_stress_direct_mutex_critical_directsubgraphnaive_samcgsonly_relation_first_compression_profile_sweep_b60_conservative_cuad25_direct_mutex_critical_b60_1778900898.json	experiments/cross_domain/results/_soft_deleted_20260517/superseded_compression/battle_inject_memory_stress_direct_mutex_critical_directsubgraphnaive_samcgsonly_relation_first_compression_profile_sweep_b60_conservative_cuad25_direct_mutex_critical_b60_1778900898.json	old non-net compression profile sweep; replaced by compression_profile_sweep_b60_net
experiments/cross_domain/results/battle_inject_memory_stress_direct_mutex_critical_directsubgraphnaive_samcgsonly_relation_first_compression_profile_sweep_b60_conservative_cuad25_direct_mutex_critical_b60_1778900898.partial.json	experiments/cross_domain/results/_soft_deleted_20260517/superseded_compression/battle_inject_memory_stress_direct_mutex_critical_directsubgraphnaive_samcgsonly_relation_first_compression_profile_sweep_b60_conservative_cuad25_direct_mutex_critical_b60_1778900898.partial.json	old non-net compression profile sweep; replaced by compression_profile_sweep_b60_net
experiments/cross_domain/results/battle_inject_memory_stress_direct_mutex_critical_directsubgraphnaive_samcgsonly_relation_first_compression_profile_sweep_b60_conservative_cuad34_direct_mutex_critical_b60_1778900971.json	experiments/cross_domain/results/_soft_deleted_20260517/superseded_compression/battle_inject_memory_stress_direct_mutex_critical_directsubgraphnaive_samcgsonly_relation_first_compression_profile_sweep_b60_conservative_cuad34_direct_mutex_critical_b60_1778900971.json	old non-net compression profile sweep; replaced by compression_profile_sweep_b60_net
experiments/cross_domain/results/battle_inject_memory_stress_direct_mutex_critical_directsubgraphnaive_samcgsonly_relation_first_compression_profile_sweep_b60_conservative_cuad34_direct_mutex_critical_b60_1778900971.partial.json	experiments/cross_domain/results/_soft_deleted_20260517/superseded_compression/battle_inject_memory_stress_direct_mutex_critical_directsubgraphnaive_samcgsonly_relation_first_compression_profile_sweep_b60_conservative_cuad34_direct_mutex_critical_b60_1778900971.partial.json	old non-net compression profile sweep; replaced by compression_profile_sweep_b60_net
experiments/cross_domain/results/battle_inject_memory_stress_direct_mutex_critical_directsubgraphnaive_samcgsonly_relation_first_compression_profile_sweep_b60_conservative_debian12_direct_mutex_critical_b60_1778900976.json	experiments/cross_domain/results/_soft_deleted_20260517/superseded_compression/battle_inject_memory_stress_direct_mutex_critical_directsubgraphnaive_samcgsonly_relation_first_compression_profile_sweep_b60_conservative_debian12_direct_mutex_critical_b60_1778900976.json	old non-net compression profile sweep; replaced by compression_profile_sweep_b60_net
experiments/cross_domain/results/battle_inject_memory_stress_direct_mutex_critical_directsubgraphnaive_samcgsonly_relation_first_compression_profile_sweep_b60_conservative_debian12_direct_mutex_critical_b60_1778900976.partial.json	experiments/cross_domain/results/_soft_deleted_20260517/superseded_compression/battle_inject_memory_stress_direct_mutex_critical_directsubgraphnaive_samcgsonly_relation_first_compression_profile_sweep_b60_conservative_debian12_direct_mutex_critical_b60_1778900976.partial.json	old non-net compression profile sweep; replaced by compression_profile_sweep_b60_net
experiments/cross_domain/results/battle_inject_memory_stress_direct_mutex_critical_directsubgraphnaive_samcgsonly_relation_first_compression_profile_sweep_b60_conservative_sec_ex2118_direct_mutex_critical_b60_1778901060.json	experiments/cross_domain/results/_soft_deleted_20260517/superseded_compression/battle_inject_memory_stress_direct_mutex_critical_directsubgraphnaive_samcgsonly_relation_first_compression_profile_sweep_b60_conservative_sec_ex2118_direct_mutex_critical_b60_1778901060.json	old non-net compression profile sweep; replaced by compression_profile_sweep_b60_net
experiments/cross_domain/results/battle_inject_memory_stress_direct_mutex_critical_directsubgraphnaive_samcgsonly_relation_first_compression_profile_sweep_b60_conservative_sec_ex2118_direct_mutex_critical_b60_1778901060.partial.json	experiments/cross_domain/results/_soft_deleted_20260517/superseded_compression/battle_inject_memory_stress_direct_mutex_critical_directsubgraphnaive_samcgsonly_relation_first_compression_profile_sweep_b60_conservative_sec_ex2118_direct_mutex_critical_b60_1778901060.partial.json	old non-net compression profile sweep; replaced by compression_profile_sweep_b60_net
experiments/cross_domain/results/compression_profile_unit_smoke_severity_grid_status.json	experiments/cross_domain/results/_soft_deleted_20260517/superseded_compression/compression_profile_unit_smoke_severity_grid_status.json	compression profile unit smoke; diagnostic only
experiments/cross_domain/results/compression_profile_sweep_b60_severity_grid_status.json	experiments/cross_domain/results/_soft_deleted_20260517/superseded_compression/compression_profile_sweep_b60_severity_grid_status.json	old non-net status; replaced by compression_profile_sweep_b60_net status
experiments/cross_domain/results/MEMORY_STRESS_ANALYSIS.md	experiments/cross_domain/results/_soft_deleted_20260517/legacy_reports/MEMORY_STRESS_ANALYSIS.md	legacy/pre-fix report; not main paper result
experiments/cross_domain/results/STRUCTURAL_SIMPLE_ANALYSIS.md	experiments/cross_domain/results/_soft_deleted_20260517/legacy_reports/STRUCTURAL_SIMPLE_ANALYSIS.md	early structural_simple report; superseded
experiments/cross_domain/results/STRUCTURAL_SIMPLE_V2_FORMAL_REPORT.md	experiments/cross_domain/results/_soft_deleted_20260517/legacy_reports/STRUCTURAL_SIMPLE_V2_FORMAL_REPORT.md	old structural_simple_v2 report; superseded by final plan and current reports
experiments/cross_domain/results/.DS_Store	experiments/cross_domain/results/_soft_deleted_20260517/legacy_reports/.DS_Store	macOS metadata file
experiments/cross_domain/results/critical_paper_v1_b60_launcher.log	experiments/cross_domain/results/_soft_deleted_20260517/runtime_logs/critical_paper_v1_b60_launcher.log	old launcher/runtime log; not paper result
experiments/cross_domain/results/progress_dashboard_8777.log	experiments/cross_domain/results/_soft_deleted_20260517/runtime_logs/progress_dashboard_8777.log	local dashboard runtime log; not paper result
