variant,variant_key,case_id,case_order,domain,scc_id,scc_size,template,invalid,root_at_3,risk_any,risk_all,compression,core_size,llm_calls,recorded_api_calls,total_tokens,runtime_sec,relation_probe_count,critical_pair_locked_count,critical_pair_candidate_count,first_risk_any_rollout,first_risk_all_rollout,result_file,subset,canonical_scc_size,canonical_scc_size_bin,canonical_domain,canonical_scc_id,canonical_template,canonical_case_order
Full SA-MCGS (locked main),full-sa-mcgs-locked,01_cuad34_scc_11_direct_mutex,1,cuad,scc_11,34,cuad_direct_no_fee_vs_fee_critical,False,True,True,True,0.5294117647058824,16,,,,311.5615186691284,18,11,25,3,,/Users/chenlong/WorkSpace/MCGS_Law/emnlp2026_discussion/component_ablation_runs/stage1_gpt4o_b60_ic4_cc4_20260711_main20/results/01_cuad34_scc_11_direct_mutex__full-sa-mcgs-locked.json,main20,34,large (20-34),cuad,scc_11,cuad_direct_no_fee_vs_fee_critical,1
No critical-pair ledger/revisit,no-critical-pair-ledger-revisit,01_cuad34_scc_11_direct_mutex,1,cuad,scc_11,34,cuad_direct_no_fee_vs_fee_critical,False,True,False,False,0.8823529411764706,4,60,69,280609,289.86366510391235,19,0,0,,,/Users/chenlong/WorkSpace/MCGS_Law/emnlp2026_discussion/component_ablation_runs/stage1_gpt4o_b60_ic4_cc4_20260711_main20/results/01_cuad34_scc_11_direct_mutex__no-critical-pair-ledger-revisit.json,main20,34,large (20-34),cuad,scc_11,cuad_direct_no_fee_vs_fee_critical,1
No relation-first memory,no-relation-first-memory,01_cuad34_scc_11_direct_mutex,1,cuad,scc_11,34,cuad_direct_no_fee_vs_fee_critical,False,True,True,True,0.5294117647058824,16,60,70,281799,308.9199390411377,0,26,19,2,17,/Users/chenlong/WorkSpace/MCGS_Law/emnlp2026_discussion/component_ablation_runs/stage1_gpt4o_b60_ic4_cc4_20260711_main20/results/01_cuad34_scc_11_direct_mutex__no-relation-first-memory.json,main20,34,large (20-34),cuad,scc_11,cuad_direct_no_fee_vs_fee_critical,1
Random local-window selection,random-local-window-selection,01_cuad34_scc_11_direct_mutex,1,cuad,scc_11,34,cuad_direct_no_fee_vs_fee_critical,False,True,True,False,0.5294117647058824,16,60,67,263169,245.02761101722717,0,22,26,2,5,/Users/chenlong/WorkSpace/MCGS_Law/emnlp2026_discussion/component_ablation_runs/stage1_gpt4o_b60_ic4_cc4_20260711_main20/results/01_cuad34_scc_11_direct_mutex__random-local-window-selection.json,main20,34,large (20-34),cuad,scc_11,cuad_direct_no_fee_vs_fee_critical,1
Full SA-MCGS (locked main),full-sa-mcgs-locked,02_cuad28_scc_39_direct_mutex,2,cuad,scc_39,28,cuad_direct_no_fee_vs_fee_critical,False,False,True,False,0.5357142857142857,13,,,,254.04940700531006,18,27,15,6,8,/Users/chenlong/WorkSpace/MCGS_Law/emnlp2026_discussion/component_ablation_runs/stage1_gpt4o_b60_ic4_cc4_20260711_main20/results/02_cuad28_scc_39_direct_mutex__full-sa-mcgs-locked.json,main20,28,large (20-34),cuad,scc_39,cuad_direct_no_fee_vs_fee_critical,2
No critical-pair ledger/revisit,no-critical-pair-ledger-revisit,02_cuad28_scc_39_direct_mutex,2,cuad,scc_39,28,cuad_direct_no_fee_vs_fee_critical,False,True,True,True,0.75,7,55,60,224138,244.79870891571045,19,0,0,42,54,/Users/chenlong/WorkSpace/MCGS_Law/emnlp2026_discussion/component_ablation_runs/stage1_gpt4o_b60_ic4_cc4_20260711_main20/results/02_cuad28_scc_39_direct_mutex__no-critical-pair-ledger-revisit.json,main20,28,large (20-34),cuad,scc_39,cuad_direct_no_fee_vs_fee_critical,2
No relation-first memory,no-relation-first-memory,02_cuad28_scc_39_direct_mutex,2,cuad,scc_39,28,cuad_direct_no_fee_vs_fee_critical,False,True,True,True,0.5357142857142857,13,60,63,233270,187.61213874816895,0,37,12,5,20,/Users/chenlong/WorkSpace/MCGS_Law/emnlp2026_discussion/component_ablation_runs/stage1_gpt4o_b60_ic4_cc4_20260711_main20/results/02_cuad28_scc_39_direct_mutex__no-relation-first-memory.json,main20,28,large (20-34),cuad,scc_39,cuad_direct_no_fee_vs_fee_critical,2
Random local-window selection,random-local-window-selection,02_cuad28_scc_39_direct_mutex,2,cuad,scc_39,28,cuad_direct_no_fee_vs_fee_critical,False,False,True,True,0.5357142857142857,13,60,61,214898,182.6567759513855,0,27,13,1,15,/Users/chenlong/WorkSpace/MCGS_Law/emnlp2026_discussion/component_ablation_runs/stage1_gpt4o_b60_ic4_cc4_20260711_main20/results/02_cuad28_scc_39_direct_mutex__random-local-window-selection.json,main20,28,large (20-34),cuad,scc_39,cuad_direct_no_fee_vs_fee_critical,2
Full SA-MCGS (locked main),full-sa-mcgs-locked,03_bgb25_scc_3_direct_mutex,3,bgb,scc_3,25,bgb_direct_timely_cure_vs_extra_charge_critical,False,True,True,True,0.52,12,,,,218.2566032409668,18,24,8,8,46,/Users/chenlong/WorkSpace/MCGS_Law/emnlp2026_discussion/component_ablation_runs/stage1_gpt4o_b60_ic4_cc4_20260711_main20/results/03_bgb25_scc_3_direct_mutex__full-sa-mcgs-locked.json,main20,25,large (20-34),bgb,scc_3,bgb_direct_timely_cure_vs_extra_charge_critical,3
No critical-pair ledger/revisit,no-critical-pair-ledger-revisit,03_bgb25_scc_3_direct_mutex,3,bgb,scc_3,25,bgb_direct_timely_cure_vs_extra_charge_critical,False,True,True,True,0.6,10,54,55,201876,151.9351191520691,19,0,0,50,52,/Users/chenlong/WorkSpace/MCGS_Law/emnlp2026_discussion/component_ablation_runs/stage1_gpt4o_b60_ic4_cc4_20260711_main20/results/03_bgb25_scc_3_direct_mutex__no-critical-pair-ledger-revisit.json,main20,25,large (20-34),bgb,scc_3,bgb_direct_timely_cure_vs_extra_charge_critical,3
No relation-first memory,no-relation-first-memory,03_bgb25_scc_3_direct_mutex,3,bgb,scc_3,25,bgb_direct_timely_cure_vs_extra_charge_critical,False,True,True,False,0.52,12,60,61,221024,161.7031900882721,0,29,7,5,26,/Users/chenlong/WorkSpace/MCGS_Law/emnlp2026_discussion/component_ablation_runs/stage1_gpt4o_b60_ic4_cc4_20260711_main20/results/03_bgb25_scc_3_direct_mutex__no-relation-first-memory.json,main20,25,large (20-34),bgb,scc_3,bgb_direct_timely_cure_vs_extra_charge_critical,3
Random local-window selection,random-local-window-selection,03_bgb25_scc_3_direct_mutex,3,bgb,scc_3,25,bgb_direct_timely_cure_vs_extra_charge_critical,False,True,True,False,0.52,12,59,59,216233,136.19495916366577,0,21,17,14,41,/Users/chenlong/WorkSpace/MCGS_Law/emnlp2026_discussion/component_ablation_runs/stage1_gpt4o_b60_ic4_cc4_20260711_main20/results/03_bgb25_scc_3_direct_mutex__random-local-window-selection.json,main20,25,large (20-34),bgb,scc_3,bgb_direct_timely_cure_vs_extra_charge_critical,3
Full SA-MCGS (locked main),full-sa-mcgs-locked,04_cuad25_scc_17_direct_mutex,4,cuad,scc_17,25,cuad_direct_no_fee_vs_fee_critical,False,True,True,False,0.52,12,,,,272.35966420173645,18,20,10,1,6,/Users/chenlong/WorkSpace/MCGS_Law/emnlp2026_discussion/component_ablation_runs/stage1_gpt4o_b60_ic4_cc4_20260711_main20/results/04_cuad25_scc_17_direct_mutex__full-sa-mcgs-locked.json,main20,25,large (20-34),cuad,scc_17,cuad_direct_no_fee_vs_fee_critical,4
No critical-pair ledger/revisit,no-critical-pair-ledger-revisit,04_cuad25_scc_17_direct_mutex,4,cuad,scc_17,25,cuad_direct_no_fee_vs_fee_critical,False,True,True,False,0.92,2,60,66,280929,242.9514479637146,19,0,0,2,,/Users/chenlong/WorkSpace/MCGS_Law/emnlp2026_discussion/component_ablation_runs/stage1_gpt4o_b60_ic4_cc4_20260711_main20/results/04_cuad25_scc_17_direct_mutex__no-critical-pair-ledger-revisit.json,main20,25,large (20-34),cuad,scc_17,cuad_direct_no_fee_vs_fee_critical,4
No relation-first memory,no-relation-first-memory,04_cuad25_scc_17_direct_mutex,4,cuad,scc_17,25,cuad_direct_no_fee_vs_fee_critical,False,True,True,True,0.52,12,60,69,300877,266.5923321247101,0,29,11,3,11,/Users/chenlong/WorkSpace/MCGS_Law/emnlp2026_discussion/component_ablation_runs/stage1_gpt4o_b60_ic4_cc4_20260711_main20/results/04_cuad25_scc_17_direct_mutex__no-relation-first-memory.json,main20,25,large (20-34),cuad,scc_17,cuad_direct_no_fee_vs_fee_critical,4
Random local-window selection,random-local-window-selection,04_cuad25_scc_17_direct_mutex,4,cuad,scc_17,25,cuad_direct_no_fee_vs_fee_critical,False,True,True,True,0.52,12,60,64,262913,214.8744921684265,0,28,10,4,8,/Users/chenlong/WorkSpace/MCGS_Law/emnlp2026_discussion/component_ablation_runs/stage1_gpt4o_b60_ic4_cc4_20260711_main20/results/04_cuad25_scc_17_direct_mutex__random-local-window-selection.json,main20,25,large (20-34),cuad,scc_17,cuad_direct_no_fee_vs_fee_critical,4
Full SA-MCGS (locked main),full-sa-mcgs-locked,05_cuad24_scc_21_direct_mutex,5,cuad,scc_21,24,cuad_direct_no_fee_vs_fee_critical,False,True,True,True,0.5416666666666667,11,,,,239.6987988948822,18,21,27,3,60,/Users/chenlong/WorkSpace/MCGS_Law/emnlp2026_discussion/component_ablation_runs/stage1_gpt4o_b60_ic4_cc4_20260711_main20/results/05_cuad24_scc_21_direct_mutex__full-sa-mcgs-locked.json,main20,24,large (20-34),cuad,scc_21,cuad_direct_no_fee_vs_fee_critical,5
No critical-pair ledger/revisit,no-critical-pair-ledger-revisit,05_cuad24_scc_21_direct_mutex,5,cuad,scc_21,24,cuad_direct_no_fee_vs_fee_critical,False,False,True,False,0.875,3,60,61,196281,202.59436082839966,19,0,0,2,,/Users/chenlong/WorkSpace/MCGS_Law/emnlp2026_discussion/component_ablation_runs/stage1_gpt4o_b60_ic4_cc4_20260711_main20/results/05_cuad24_scc_21_direct_mutex__no-critical-pair-ledger-revisit.json,main20,24,large (20-34),cuad,scc_21,cuad_direct_no_fee_vs_fee_critical,5
No relation-first memory,no-relation-first-memory,05_cuad24_scc_21_direct_mutex,5,cuad,scc_21,24,cuad_direct_no_fee_vs_fee_critical,False,False,True,False,0.5416666666666667,11,60,62,198857,194.85741114616394,0,46,23,1,26,/Users/chenlong/WorkSpace/MCGS_Law/emnlp2026_discussion/component_ablation_runs/stage1_gpt4o_b60_ic4_cc4_20260711_main20/results/05_cuad24_scc_21_direct_mutex__no-relation-first-memory.json,main20,24,large (20-34),cuad,scc_21,cuad_direct_no_fee_vs_fee_critical,5
Random local-window selection,random-local-window-selection,05_cuad24_scc_21_direct_mutex,5,cuad,scc_21,24,cuad_direct_no_fee_vs_fee_critical,False,False,True,False,0.5416666666666667,11,60,60,194226,176.11821913719177,0,48,16,4,,/Users/chenlong/WorkSpace/MCGS_Law/emnlp2026_discussion/component_ablation_runs/stage1_gpt4o_b60_ic4_cc4_20260711_main20/results/05_cuad24_scc_21_direct_mutex__random-local-window-selection.json,main20,24,large (20-34),cuad,scc_21,cuad_direct_no_fee_vs_fee_critical,5
Full SA-MCGS (locked main),full-sa-mcgs-locked,06_cuad20_scc_28_direct_mutex,6,cuad,scc_28,20,cuad_direct_no_fee_vs_fee_critical,False,True,True,False,0.55,9,,,,362.99630784988403,18,27,2,1,7,/Users/chenlong/WorkSpace/MCGS_Law/emnlp2026_discussion/component_ablation_runs/stage1_gpt4o_b60_ic4_cc4_20260711_main20/results/06_cuad20_scc_28_direct_mutex__full-sa-mcgs-locked.json,main20,20,large (20-34),cuad,scc_28,cuad_direct_no_fee_vs_fee_critical,6
No critical-pair ledger/revisit,no-critical-pair-ledger-revisit,06_cuad20_scc_28_direct_mutex,6,cuad,scc_28,20,cuad_direct_no_fee_vs_fee_critical,False,True,True,False,0.75,5,60,64,276971,219.81104016304016,19,0,0,40,,/Users/chenlong/WorkSpace/MCGS_Law/emnlp2026_discussion/component_ablation_runs/stage1_gpt4o_b60_ic4_cc4_20260711_main20/results/06_cuad20_scc_28_direct_mutex__no-critical-pair-ledger-revisit.json,main20,20,large (20-34),cuad,scc_28,cuad_direct_no_fee_vs_fee_critical,6
No relation-first memory,no-relation-first-memory,06_cuad20_scc_28_direct_mutex,6,cuad,scc_28,20,cuad_direct_no_fee_vs_fee_critical,False,False,True,False,0.55,9,60,60,263228,200.5340757369995,0,29,2,7,8,/Users/chenlong/WorkSpace/MCGS_Law/emnlp2026_discussion/component_ablation_runs/stage1_gpt4o_b60_ic4_cc4_20260711_main20/results/06_cuad20_scc_28_direct_mutex__no-relation-first-memory.json,main20,20,large (20-34),cuad,scc_28,cuad_direct_no_fee_vs_fee_critical,6
Random local-window selection,random-local-window-selection,06_cuad20_scc_28_direct_mutex,6,cuad,scc_28,20,cuad_direct_no_fee_vs_fee_critical,False,True,True,True,0.55,9,60,62,268411,205.00733017921448,0,31,5,15,20,/Users/chenlong/WorkSpace/MCGS_Law/emnlp2026_discussion/component_ablation_runs/stage1_gpt4o_b60_ic4_cc4_20260711_main20/results/06_cuad20_scc_28_direct_mutex__random-local-window-selection.json,main20,20,large (20-34),cuad,scc_28,cuad_direct_no_fee_vs_fee_critical,6
Full SA-MCGS (locked main),full-sa-mcgs-locked,07_cuad18_scc_6_direct_mutex,7,cuad,scc_6,18,cuad_direct_no_fee_vs_fee_critical,False,True,True,True,0.5,9,,,,297.19686794281006,18,27,10,6,7,/Users/chenlong/WorkSpace/MCGS_Law/emnlp2026_discussion/component_ablation_runs/stage1_gpt4o_b60_ic4_cc4_20260711_main20/results/07_cuad18_scc_6_direct_mutex__full-sa-mcgs-locked.json,main20,18,medium (12-18),cuad,scc_6,cuad_direct_no_fee_vs_fee_critical,7
No critical-pair ledger/revisit,no-critical-pair-ledger-revisit,07_cuad18_scc_6_direct_mutex,7,cuad,scc_6,18,cuad_direct_no_fee_vs_fee_critical,False,True,True,False,0.7222222222222222,5,60,69,309968,267.61136388778687,19,0,0,57,,/Users/chenlong/WorkSpace/MCGS_Law/emnlp2026_discussion/component_ablation_runs/stage1_gpt4o_b60_ic4_cc4_20260711_main20/results/07_cuad18_scc_6_direct_mutex__no-critical-pair-ledger-revisit.json,main20,18,medium (12-18),cuad,scc_6,cuad_direct_no_fee_vs_fee_critical,7
No relation-first memory,no-relation-first-memory,07_cuad18_scc_6_direct_mutex,7,cuad,scc_6,18,cuad_direct_no_fee_vs_fee_critical,False,True,True,True,0.5,9,60,73,320855,296.5225021839142,0,30,10,8,10,/Users/chenlong/WorkSpace/MCGS_Law/emnlp2026_discussion/component_ablation_runs/stage1_gpt4o_b60_ic4_cc4_20260711_main20/results/07_cuad18_scc_6_direct_mutex__no-relation-first-memory.json,main20,18,medium (12-18),cuad,scc_6,cuad_direct_no_fee_vs_fee_critical,7
Random local-window selection,random-local-window-selection,07_cuad18_scc_6_direct_mutex,7,cuad,scc_6,18,cuad_direct_no_fee_vs_fee_critical,False,True,True,True,0.5,9,60,68,296343,233.4194633960724,0,26,16,1,9,/Users/chenlong/WorkSpace/MCGS_Law/emnlp2026_discussion/component_ablation_runs/stage1_gpt4o_b60_ic4_cc4_20260711_main20/results/07_cuad18_scc_6_direct_mutex__random-local-window-selection.json,main20,18,medium (12-18),cuad,scc_6,cuad_direct_no_fee_vs_fee_critical,7
Full SA-MCGS (locked main),full-sa-mcgs-locked,08_sec_ex2118_scc_3_direct_mutex,8,sec_ex21,scc_3,18,sec_direct_full_consolidation_vs_retained_interest_critical,False,True,True,True,0.5,9,,,,208.34112405776978,18,25,9,7,8,/Users/chenlong/WorkSpace/MCGS_Law/emnlp2026_discussion/component_ablation_runs/stage1_gpt4o_b60_ic4_cc4_20260711_main20/results/08_sec_ex2118_scc_3_direct_mutex__full-sa-mcgs-locked.json,main20,18,medium (12-18),sec_ex21,scc_3,sec_direct_full_consolidation_vs_retained_interest_critical,8
No critical-pair ledger/revisit,no-critical-pair-ledger-revisit,08_sec_ex2118_scc_3_direct_mutex,8,sec_ex21,scc_3,10,sec_direct_full_consolidation_vs_retained_interest_critical,False,True,True,True,0.6,4,60,60,89368,105.72111678123474,19,0,0,1,7,/Users/chenlong/WorkSpace/MCGS_Law/emnlp2026_discussion/component_ablation_runs/stage1_gpt4o_b60_ic4_cc4_20260711_main20/results/08_sec_ex2118_scc_3_direct_mutex__no-critical-pair-ledger-revisit.json,main20,18,medium (12-18),sec_ex21,scc_3,sec_direct_full_consolidation_vs_retained_interest_critical,8
No relation-first memory,no-relation-first-memory,08_sec_ex2118_scc_3_direct_mutex,8,sec_ex21,scc_3,10,sec_direct_full_consolidation_vs_retained_interest_critical,False,True,True,True,0.5,5,54,54,80567,107.70560097694397,0,9,0,1,5,/Users/chenlong/WorkSpace/MCGS_Law/emnlp2026_discussion/component_ablation_runs/stage1_gpt4o_b60_ic4_cc4_20260711_main20/results/08_sec_ex2118_scc_3_direct_mutex__no-relation-first-memory.json,main20,18,medium (12-18),sec_ex21,scc_3,sec_direct_full_consolidation_vs_retained_interest_critical,8
Random local-window selection,random-local-window-selection,08_sec_ex2118_scc_3_direct_mutex,8,sec_ex21,scc_3,10,sec_direct_full_consolidation_vs_retained_interest_critical,False,True,True,True,0.5,5,57,57,84923,101.24974703788757,0,8,0,6,8,/Users/chenlong/WorkSpace/MCGS_Law/emnlp2026_discussion/component_ablation_runs/stage1_gpt4o_b60_ic4_cc4_20260711_main20/results/08_sec_ex2118_scc_3_direct_mutex__random-local-window-selection.json,main20,18,medium (12-18),sec_ex21,scc_3,sec_direct_full_consolidation_vs_retained_interest_critical,8
Full SA-MCGS (locked main),full-sa-mcgs-locked,09_cuad17_scc_0_direct_mutex,9,cuad,scc_0,17,cuad_direct_no_fee_vs_fee_critical,False,False,True,True,0.5294117647058824,8,,,,241.17738699913025,18,28,5,8,,/Users/chenlong/WorkSpace/MCGS_Law/emnlp2026_discussion/component_ablation_runs/stage1_gpt4o_b60_ic4_cc4_20260711_main20/results/09_cuad17_scc_0_direct_mutex__full-sa-mcgs-locked.json,main20,17,medium (12-18),cuad,scc_0,cuad_direct_no_fee_vs_fee_critical,9
No critical-pair ledger/revisit,no-critical-pair-ledger-revisit,09_cuad17_scc_0_direct_mutex,9,cuad,scc_0,17,cuad_direct_no_fee_vs_fee_critical,False,False,True,False,0.7058823529411764,5,60,60,227825,182.38079285621643,19,0,0,1,,/Users/chenlong/WorkSpace/MCGS_Law/emnlp2026_discussion/component_ablation_runs/stage1_gpt4o_b60_ic4_cc4_20260711_main20/results/09_cuad17_scc_0_direct_mutex__no-critical-pair-ledger-revisit.json,main20,17,medium (12-18),cuad,scc_0,cuad_direct_no_fee_vs_fee_critical,9
No relation-first memory,no-relation-first-memory,09_cuad17_scc_0_direct_mutex,9,cuad,scc_0,17,cuad_direct_no_fee_vs_fee_critical,False,False,True,True,0.5294117647058824,8,60,60,224743,177.95495128631592,0,29,3,5,,/Users/chenlong/WorkSpace/MCGS_Law/emnlp2026_discussion/component_ablation_runs/stage1_gpt4o_b60_ic4_cc4_20260711_main20/results/09_cuad17_scc_0_direct_mutex__no-relation-first-memory.json,main20,17,medium (12-18),cuad,scc_0,cuad_direct_no_fee_vs_fee_critical,9
Random local-window selection,random-local-window-selection,09_cuad17_scc_0_direct_mutex,9,cuad,scc_0,17,cuad_direct_no_fee_vs_fee_critical,False,False,False,False,0.5294117647058824,8,60,63,234932,189.08905172348022,0,36,3,1,6,/Users/chenlong/WorkSpace/MCGS_Law/emnlp2026_discussion/component_ablation_runs/stage1_gpt4o_b60_ic4_cc4_20260711_main20/results/09_cuad17_scc_0_direct_mutex__random-local-window-selection.json,main20,17,medium (12-18),cuad,scc_0,cuad_direct_no_fee_vs_fee_critical,9
Full SA-MCGS (locked main),full-sa-mcgs-locked,10_cuad16_scc_23_direct_mutex,10,cuad,scc_23,16,cuad_direct_no_fee_vs_fee_critical,False,True,True,True,0.5,8,,,,275.76619577407837,18,25,3,1,6,/Users/chenlong/WorkSpace/MCGS_Law/emnlp2026_discussion/component_ablation_runs/stage1_gpt4o_b60_ic4_cc4_20260711_main20/results/10_cuad16_scc_23_direct_mutex__full-sa-mcgs-locked.json,main20,16,medium (12-18),cuad,scc_23,cuad_direct_no_fee_vs_fee_critical,10
No critical-pair ledger/revisit,no-critical-pair-ledger-revisit,10_cuad16_scc_23_direct_mutex,10,cuad,scc_23,16,cuad_direct_no_fee_vs_fee_critical,False,True,True,True,0.8125,3,60,62,266222,192.46548700332642,19,0,0,2,9,/Users/chenlong/WorkSpace/MCGS_Law/emnlp2026_discussion/component_ablation_runs/stage1_gpt4o_b60_ic4_cc4_20260711_main20/results/10_cuad16_scc_23_direct_mutex__no-critical-pair-ledger-revisit.json,main20,16,medium (12-18),cuad,scc_23,cuad_direct_no_fee_vs_fee_critical,10
No relation-first memory,no-relation-first-memory,10_cuad16_scc_23_direct_mutex,10,cuad,scc_23,16,cuad_direct_no_fee_vs_fee_critical,False,True,True,True,0.5,8,60,66,296200,236.57912921905518,0,23,2,2,8,/Users/chenlong/WorkSpace/MCGS_Law/emnlp2026_discussion/component_ablation_runs/stage1_gpt4o_b60_ic4_cc4_20260711_main20/results/10_cuad16_scc_23_direct_mutex__no-relation-first-memory.json,main20,16,medium (12-18),cuad,scc_23,cuad_direct_no_fee_vs_fee_critical,10
Random local-window selection,random-local-window-selection,10_cuad16_scc_23_direct_mutex,10,cuad,scc_23,16,cuad_direct_no_fee_vs_fee_critical,False,True,True,True,0.5,8,60,60,254922,178.1768980026245,0,27,2,2,2,/Users/chenlong/WorkSpace/MCGS_Law/emnlp2026_discussion/component_ablation_runs/stage1_gpt4o_b60_ic4_cc4_20260711_main20/results/10_cuad16_scc_23_direct_mutex__random-local-window-selection.json,main20,16,medium (12-18),cuad,scc_23,cuad_direct_no_fee_vs_fee_critical,10
Full SA-MCGS (locked main),full-sa-mcgs-locked,11_cuad14_scc_8_direct_mutex,11,cuad,scc_8,14,cuad_direct_no_fee_vs_fee_critical,False,True,True,False,0.5,7,,,,296.60127997398376,18,21,2,1,14,/Users/chenlong/WorkSpace/MCGS_Law/emnlp2026_discussion/component_ablation_runs/stage1_gpt4o_b60_ic4_cc4_20260711_main20/results/11_cuad14_scc_8_direct_mutex__full-sa-mcgs-locked.json,main20,14,medium (12-18),cuad,scc_8,cuad_direct_no_fee_vs_fee_critical,11
No critical-pair ledger/revisit,no-critical-pair-ledger-revisit,11_cuad14_scc_8_direct_mutex,11,cuad,scc_8,14,cuad_direct_no_fee_vs_fee_critical,False,True,True,True,0.6428571428571428,5,60,60,231672,205.19468092918396,19,0,0,2,4,/Users/chenlong/WorkSpace/MCGS_Law/emnlp2026_discussion/component_ablation_runs/stage1_gpt4o_b60_ic4_cc4_20260711_main20/results/11_cuad14_scc_8_direct_mutex__no-critical-pair-ledger-revisit.json,main20,14,medium (12-18),cuad,scc_8,cuad_direct_no_fee_vs_fee_critical,11
No relation-first memory,no-relation-first-memory,11_cuad14_scc_8_direct_mutex,11,cuad,scc_8,14,cuad_direct_no_fee_vs_fee_critical,False,True,True,True,0.5,7,60,62,239906,219.7896020412445,0,27,4,4,5,/Users/chenlong/WorkSpace/MCGS_Law/emnlp2026_discussion/component_ablation_runs/stage1_gpt4o_b60_ic4_cc4_20260711_main20/results/11_cuad14_scc_8_direct_mutex__no-relation-first-memory.json,main20,14,medium (12-18),cuad,scc_8,cuad_direct_no_fee_vs_fee_critical,11
Random local-window selection,random-local-window-selection,11_cuad14_scc_8_direct_mutex,11,cuad,scc_8,14,cuad_direct_no_fee_vs_fee_critical,False,True,True,False,0.5,7,60,62,236348,228.5254499912262,0,28,1,2,7,/Users/chenlong/WorkSpace/MCGS_Law/emnlp2026_discussion/component_ablation_runs/stage1_gpt4o_b60_ic4_cc4_20260711_main20/results/11_cuad14_scc_8_direct_mutex__random-local-window-selection.json,main20,14,medium (12-18),cuad,scc_8,cuad_direct_no_fee_vs_fee_critical,11
Full SA-MCGS (locked main),full-sa-mcgs-locked,12_cuad12_scc_50_direct_mutex,12,cuad,scc_50,12,cuad_direct_no_fee_vs_fee_critical,False,True,True,True,0.5,6,,,,275.5985231399536,18,18,2,2,3,/Users/chenlong/WorkSpace/MCGS_Law/emnlp2026_discussion/component_ablation_runs/stage1_gpt4o_b60_ic4_cc4_20260711_main20/results/12_cuad12_scc_50_direct_mutex__full-sa-mcgs-locked.json,main20,12,medium (12-18),cuad,scc_50,cuad_direct_no_fee_vs_fee_critical,12
No critical-pair ledger/revisit,no-critical-pair-ledger-revisit,12_cuad12_scc_50_direct_mutex,12,cuad,scc_50,12,cuad_direct_no_fee_vs_fee_critical,False,True,True,False,0.75,3,60,63,251530,202.58331608772278,19,0,0,2,3,/Users/chenlong/WorkSpace/MCGS_Law/emnlp2026_discussion/component_ablation_runs/stage1_gpt4o_b60_ic4_cc4_20260711_main20/results/12_cuad12_scc_50_direct_mutex__no-critical-pair-ledger-revisit.json,main20,12,medium (12-18),cuad,scc_50,cuad_direct_no_fee_vs_fee_critical,12
No relation-first memory,no-relation-first-memory,12_cuad12_scc_50_direct_mutex,12,cuad,scc_50,12,cuad_direct_no_fee_vs_fee_critical,False,True,True,True,0.5,6,60,61,237510,182.28582000732422,0,19,3,1,2,/Users/chenlong/WorkSpace/MCGS_Law/emnlp2026_discussion/component_ablation_runs/stage1_gpt4o_b60_ic4_cc4_20260711_main20/results/12_cuad12_scc_50_direct_mutex__no-relation-first-memory.json,main20,12,medium (12-18),cuad,scc_50,cuad_direct_no_fee_vs_fee_critical,12
Random local-window selection,random-local-window-selection,12_cuad12_scc_50_direct_mutex,12,cuad,scc_50,12,cuad_direct_no_fee_vs_fee_critical,False,True,True,True,0.5,6,60,64,238586,213.90321898460388,0,18,4,1,2,/Users/chenlong/WorkSpace/MCGS_Law/emnlp2026_discussion/component_ablation_runs/stage1_gpt4o_b60_ic4_cc4_20260711_main20/results/12_cuad12_scc_50_direct_mutex__random-local-window-selection.json,main20,12,medium (12-18),cuad,scc_50,cuad_direct_no_fee_vs_fee_critical,12
Full SA-MCGS (locked main),full-sa-mcgs-locked,13_debian12_scc_8_direct_mutex,13,debian,scc_8,12,debian_direct_legacy_vs_new_abi_critical,False,True,True,True,0.5,6,,,,159.49510192871094,18,15,4,1,2,/Users/chenlong/WorkSpace/MCGS_Law/emnlp2026_discussion/component_ablation_runs/stage1_gpt4o_b60_ic4_cc4_20260711_main20/results/13_debian12_scc_8_direct_mutex__full-sa-mcgs-locked.json,main20,12,medium (12-18),debian,scc_8,debian_direct_legacy_vs_new_abi_critical,13
No critical-pair ledger/revisit,no-critical-pair-ledger-revisit,13_debian12_scc_8_direct_mutex,13,debian,scc_8,12,debian_direct_legacy_vs_new_abi_critical,False,True,True,True,0.75,3,57,57,142489,127.84325504302979,19,0,0,1,4,/Users/chenlong/WorkSpace/MCGS_Law/emnlp2026_discussion/component_ablation_runs/stage1_gpt4o_b60_ic4_cc4_20260711_main20/results/13_debian12_scc_8_direct_mutex__no-critical-pair-ledger-revisit.json,main20,12,medium (12-18),debian,scc_8,debian_direct_legacy_vs_new_abi_critical,13
No relation-first memory,no-relation-first-memory,13_debian12_scc_8_direct_mutex,13,debian,scc_8,12,debian_direct_legacy_vs_new_abi_critical,False,True,True,True,0.5,6,56,56,133919,117.61496210098267,0,15,2,3,3,/Users/chenlong/WorkSpace/MCGS_Law/emnlp2026_discussion/component_ablation_runs/stage1_gpt4o_b60_ic4_cc4_20260711_main20/results/13_debian12_scc_8_direct_mutex__no-relation-first-memory.json,main20,12,medium (12-18),debian,scc_8,debian_direct_legacy_vs_new_abi_critical,13
Random local-window selection,random-local-window-selection,13_debian12_scc_8_direct_mutex,13,debian,scc_8,12,debian_direct_legacy_vs_new_abi_critical,False,True,True,True,0.5,6,54,54,124876,108.79228329658508,0,13,4,1,1,/Users/chenlong/WorkSpace/MCGS_Law/emnlp2026_discussion/component_ablation_runs/stage1_gpt4o_b60_ic4_cc4_20260711_main20/results/13_debian12_scc_8_direct_mutex__random-local-window-selection.json,main20,12,medium (12-18),debian,scc_8,debian_direct_legacy_vs_new_abi_critical,13
Full SA-MCGS (locked main),full-sa-mcgs-locked,14_sec_ex2112_scc_2_direct_mutex,14,sec_ex21,scc_2,12,sec_direct_full_consolidation_vs_retained_interest_critical,False,True,True,True,0.5,6,,,,168.7341821193695,18,17,1,2,3,/Users/chenlong/WorkSpace/MCGS_Law/emnlp2026_discussion/component_ablation_runs/stage1_gpt4o_b60_ic4_cc4_20260711_main20/results/14_sec_ex2112_scc_2_direct_mutex__full-sa-mcgs-locked.json,main20,12,medium (12-18),sec_ex21,scc_2,sec_direct_full_consolidation_vs_retained_interest_critical,14
No critical-pair ledger/revisit,no-critical-pair-ledger-revisit,14_sec_ex2112_scc_2_direct_mutex,14,sec_ex21,scc_2,11,sec_direct_full_consolidation_vs_retained_interest_critical,False,True,True,False,0.7272727272727273,3,57,57,84833,104.64638900756836,19,0,0,1,3,/Users/chenlong/WorkSpace/MCGS_Law/emnlp2026_discussion/component_ablation_runs/stage1_gpt4o_b60_ic4_cc4_20260711_main20/results/14_sec_ex2112_scc_2_direct_mutex__no-critical-pair-ledger-revisit.json,main20,12,medium (12-18),sec_ex21,scc_2,sec_direct_full_consolidation_vs_retained_interest_critical,14
No relation-first memory,no-relation-first-memory,14_sec_ex2112_scc_2_direct_mutex,14,sec_ex21,scc_2,11,sec_direct_full_consolidation_vs_retained_interest_critical,False,True,True,False,0.5454545454545454,5,55,55,83232,106.2915289402008,0,12,0,1,4,/Users/chenlong/WorkSpace/MCGS_Law/emnlp2026_discussion/component_ablation_runs/stage1_gpt4o_b60_ic4_cc4_20260711_main20/results/14_sec_ex2112_scc_2_direct_mutex__no-relation-first-memory.json,main20,12,medium (12-18),sec_ex21,scc_2,sec_direct_full_consolidation_vs_retained_interest_critical,14
Random local-window selection,random-local-window-selection,14_sec_ex2112_scc_2_direct_mutex,14,sec_ex21,scc_2,11,sec_direct_full_consolidation_vs_retained_interest_critical,False,True,True,False,0.5454545454545454,5,51,51,72927,111.69027590751648,0,13,1,1,2,/Users/chenlong/WorkSpace/MCGS_Law/emnlp2026_discussion/component_ablation_runs/stage1_gpt4o_b60_ic4_cc4_20260711_main20/results/14_sec_ex2112_scc_2_direct_mutex__random-local-window-selection.json,main20,12,medium (12-18),sec_ex21,scc_2,sec_direct_full_consolidation_vs_retained_interest_critical,14
Full SA-MCGS (locked main),full-sa-mcgs-locked,15_bgb11_scc_0_direct_mutex,15,bgb,scc_0,11,bgb_direct_timely_cure_vs_extra_charge_critical,False,True,True,True,0.5454545454545454,5,,,,191.06909799575806,18,16,2,6,8,/Users/chenlong/WorkSpace/MCGS_Law/emnlp2026_discussion/component_ablation_runs/stage1_gpt4o_b60_ic4_cc4_20260711_main20/results/15_bgb11_scc_0_direct_mutex__full-sa-mcgs-locked.json,main20,11,small (9-11),bgb,scc_0,bgb_direct_timely_cure_vs_extra_charge_critical,15
No critical-pair ledger/revisit,no-critical-pair-ledger-revisit,15_bgb11_scc_0_direct_mutex,15,bgb,scc_0,11,bgb_direct_timely_cure_vs_extra_charge_critical,False,True,True,False,0.5454545454545454,5,55,55,138566,132.07963109016418,19,0,0,2,2,/Users/chenlong/WorkSpace/MCGS_Law/emnlp2026_discussion/component_ablation_runs/stage1_gpt4o_b60_ic4_cc4_20260711_main20/results/15_bgb11_scc_0_direct_mutex__no-critical-pair-ledger-revisit.json,main20,11,small (9-11),bgb,scc_0,bgb_direct_timely_cure_vs_extra_charge_critical,15
No relation-first memory,no-relation-first-memory,15_bgb11_scc_0_direct_mutex,15,bgb,scc_0,11,bgb_direct_timely_cure_vs_extra_charge_critical,False,True,True,True,0.5454545454545454,5,57,57,140976,140.1793122291565,0,19,4,1,1,/Users/chenlong/WorkSpace/MCGS_Law/emnlp2026_discussion/component_ablation_runs/stage1_gpt4o_b60_ic4_cc4_20260711_main20/results/15_bgb11_scc_0_direct_mutex__no-relation-first-memory.json,main20,11,small (9-11),bgb,scc_0,bgb_direct_timely_cure_vs_extra_charge_critical,15
Random local-window selection,random-local-window-selection,15_bgb11_scc_0_direct_mutex,15,bgb,scc_0,11,bgb_direct_timely_cure_vs_extra_charge_critical,False,True,True,True,0.5454545454545454,5,59,59,149667,132.78864884376526,0,19,2,3,6,/Users/chenlong/WorkSpace/MCGS_Law/emnlp2026_discussion/component_ablation_runs/stage1_gpt4o_b60_ic4_cc4_20260711_main20/results/15_bgb11_scc_0_direct_mutex__random-local-window-selection.json,main20,11,small (9-11),bgb,scc_0,bgb_direct_timely_cure_vs_extra_charge_critical,15
Full SA-MCGS (locked main),full-sa-mcgs-locked,16_debian11_scc_23_direct_mutex,16,debian,scc_23,11,debian_direct_legacy_vs_new_abi_critical,False,True,True,True,0.5454545454545454,5,,,,150.96577501296997,18,8,0,1,3,/Users/chenlong/WorkSpace/MCGS_Law/emnlp2026_discussion/component_ablation_runs/stage1_gpt4o_b60_ic4_cc4_20260711_main20/results/16_debian11_scc_23_direct_mutex__full-sa-mcgs-locked.json,main20,11,small (9-11),debian,scc_23,debian_direct_legacy_vs_new_abi_critical,16
No critical-pair ledger/revisit,no-critical-pair-ledger-revisit,16_debian11_scc_23_direct_mutex,16,debian,scc_23,11,debian_direct_legacy_vs_new_abi_critical,False,True,True,True,0.7272727272727273,3,44,44,100722,114.67960810661316,19,0,0,1,27,/Users/chenlong/WorkSpace/MCGS_Law/emnlp2026_discussion/component_ablation_runs/stage1_gpt4o_b60_ic4_cc4_20260711_main20/results/16_debian11_scc_23_direct_mutex__no-critical-pair-ledger-revisit.json,main20,11,small (9-11),debian,scc_23,debian_direct_legacy_vs_new_abi_critical,16
No relation-first memory,no-relation-first-memory,16_debian11_scc_23_direct_mutex,16,debian,scc_23,11,debian_direct_legacy_vs_new_abi_critical,False,True,True,True,0.5454545454545454,5,43,43,93035,111.50340127944946,0,9,0,1,4,/Users/chenlong/WorkSpace/MCGS_Law/emnlp2026_discussion/component_ablation_runs/stage1_gpt4o_b60_ic4_cc4_20260711_main20/results/16_debian11_scc_23_direct_mutex__no-relation-first-memory.json,main20,11,small (9-11),debian,scc_23,debian_direct_legacy_vs_new_abi_critical,16
Random local-window selection,random-local-window-selection,16_debian11_scc_23_direct_mutex,16,debian,scc_23,11,debian_direct_legacy_vs_new_abi_critical,False,True,True,True,0.5454545454545454,5,52,52,117650,108.1952257156372,0,11,0,2,3,/Users/chenlong/WorkSpace/MCGS_Law/emnlp2026_discussion/component_ablation_runs/stage1_gpt4o_b60_ic4_cc4_20260711_main20/results/16_debian11_scc_23_direct_mutex__random-local-window-selection.json,main20,11,small (9-11),debian,scc_23,debian_direct_legacy_vs_new_abi_critical,16
Full SA-MCGS (locked main),full-sa-mcgs-locked,17_sec_ex2111_scc_3_direct_mutex,17,sec_ex21,scc_3,11,sec_direct_full_consolidation_vs_retained_interest_critical,False,True,True,True,0.5454545454545454,5,,,,173.62228989601135,18,12,2,2,3,/Users/chenlong/WorkSpace/MCGS_Law/emnlp2026_discussion/component_ablation_runs/stage1_gpt4o_b60_ic4_cc4_20260711_main20/results/17_sec_ex2111_scc_3_direct_mutex__full-sa-mcgs-locked.json,main20,11,small (9-11),sec_ex21,scc_3,sec_direct_full_consolidation_vs_retained_interest_critical,17
No critical-pair ledger/revisit,no-critical-pair-ledger-revisit,17_sec_ex2111_scc_3_direct_mutex,17,sec_ex21,scc_3,10,sec_direct_full_consolidation_vs_retained_interest_critical,False,True,True,True,0.7,3,60,60,90063,103.3325879573822,19,0,0,1,2,/Users/chenlong/WorkSpace/MCGS_Law/emnlp2026_discussion/component_ablation_runs/stage1_gpt4o_b60_ic4_cc4_20260711_main20/results/17_sec_ex2111_scc_3_direct_mutex__no-critical-pair-ledger-revisit.json,main20,11,small (9-11),sec_ex21,scc_3,sec_direct_full_consolidation_vs_retained_interest_critical,17
No relation-first memory,no-relation-first-memory,17_sec_ex2111_scc_3_direct_mutex,17,sec_ex21,scc_3,10,sec_direct_full_consolidation_vs_retained_interest_critical,False,True,True,True,0.5,5,57,57,85067,108.24103307723999,0,9,0,1,4,/Users/chenlong/WorkSpace/MCGS_Law/emnlp2026_discussion/component_ablation_runs/stage1_gpt4o_b60_ic4_cc4_20260711_main20/results/17_sec_ex2111_scc_3_direct_mutex__no-relation-first-memory.json,main20,11,small (9-11),sec_ex21,scc_3,sec_direct_full_consolidation_vs_retained_interest_critical,17
Random local-window selection,random-local-window-selection,17_sec_ex2111_scc_3_direct_mutex,17,sec_ex21,scc_3,10,sec_direct_full_consolidation_vs_retained_interest_critical,False,True,True,True,0.5,5,57,57,85539,103.36212086677551,0,7,0,1,3,/Users/chenlong/WorkSpace/MCGS_Law/emnlp2026_discussion/component_ablation_runs/stage1_gpt4o_b60_ic4_cc4_20260711_main20/results/17_sec_ex2111_scc_3_direct_mutex__random-local-window-selection.json,main20,11,small (9-11),sec_ex21,scc_3,sec_direct_full_consolidation_vs_retained_interest_critical,17
Full SA-MCGS (locked main),full-sa-mcgs-locked,18_sec_ex2110_scc_7_direct_mutex,18,sec_ex21,scc_7,10,sec_direct_full_consolidation_vs_retained_interest_critical,False,True,True,False,0.5,5,,,,153.81014728546143,18,8,0,1,2,/Users/chenlong/WorkSpace/MCGS_Law/emnlp2026_discussion/component_ablation_runs/stage1_gpt4o_b60_ic4_cc4_20260711_main20/results/18_sec_ex2110_scc_7_direct_mutex__full-sa-mcgs-locked.json,main20,10,small (9-11),sec_ex21,scc_7,sec_direct_full_consolidation_vs_retained_interest_critical,18
No critical-pair ledger/revisit,no-critical-pair-ledger-revisit,18_sec_ex2110_scc_7_direct_mutex,18,sec_ex21,scc_7,11,sec_direct_full_consolidation_vs_retained_interest_critical,False,True,True,True,0.7272727272727273,3,57,57,90714,105.72006011009216,19,0,0,2,3,/Users/chenlong/WorkSpace/MCGS_Law/emnlp2026_discussion/component_ablation_runs/stage1_gpt4o_b60_ic4_cc4_20260711_main20/results/18_sec_ex2110_scc_7_direct_mutex__no-critical-pair-ledger-revisit.json,main20,10,small (9-11),sec_ex21,scc_7,sec_direct_full_consolidation_vs_retained_interest_critical,18
No relation-first memory,no-relation-first-memory,18_sec_ex2110_scc_7_direct_mutex,18,sec_ex21,scc_7,11,sec_direct_full_consolidation_vs_retained_interest_critical,False,True,True,True,0.5454545454545454,5,60,60,91090,105.1191930770874,0,10,2,6,8,/Users/chenlong/WorkSpace/MCGS_Law/emnlp2026_discussion/component_ablation_runs/stage1_gpt4o_b60_ic4_cc4_20260711_main20/results/18_sec_ex2110_scc_7_direct_mutex__no-relation-first-memory.json,main20,10,small (9-11),sec_ex21,scc_7,sec_direct_full_consolidation_vs_retained_interest_critical,18
Random local-window selection,random-local-window-selection,18_sec_ex2110_scc_7_direct_mutex,18,sec_ex21,scc_7,11,sec_direct_full_consolidation_vs_retained_interest_critical,False,True,True,False,0.5454545454545454,5,58,58,88926,110.18140578269958,0,20,2,16,31,/Users/chenlong/WorkSpace/MCGS_Law/emnlp2026_discussion/component_ablation_runs/stage1_gpt4o_b60_ic4_cc4_20260711_main20/results/18_sec_ex2110_scc_7_direct_mutex__random-local-window-selection.json,main20,10,small (9-11),sec_ex21,scc_7,sec_direct_full_consolidation_vs_retained_interest_critical,18
Full SA-MCGS (locked main),full-sa-mcgs-locked,19_bgb9_scc_7_direct_mutex,19,bgb,scc_7,9,bgb_direct_timely_cure_vs_extra_charge_critical,False,True,True,True,0.4444444444444444,5,,,,320.4360809326172,18,13,1,1,2,/Users/chenlong/WorkSpace/MCGS_Law/emnlp2026_discussion/component_ablation_runs/stage1_gpt4o_b60_ic4_cc4_20260711_main20/results/19_bgb9_scc_7_direct_mutex__full-sa-mcgs-locked.json,main20,9,small (9-11),bgb,scc_7,bgb_direct_timely_cure_vs_extra_charge_critical,19
No critical-pair ledger/revisit,no-critical-pair-ledger-revisit,19_bgb9_scc_7_direct_mutex,19,bgb,scc_7,9,bgb_direct_timely_cure_vs_extra_charge_critical,False,True,True,False,0.5555555555555556,4,60,60,205304,155.72449922561646,19,0,0,2,2,/Users/chenlong/WorkSpace/MCGS_Law/emnlp2026_discussion/component_ablation_runs/stage1_gpt4o_b60_ic4_cc4_20260711_main20/results/19_bgb9_scc_7_direct_mutex__no-critical-pair-ledger-revisit.json,main20,9,small (9-11),bgb,scc_7,bgb_direct_timely_cure_vs_extra_charge_critical,19
No relation-first memory,no-relation-first-memory,19_bgb9_scc_7_direct_mutex,19,bgb,scc_7,9,bgb_direct_timely_cure_vs_extra_charge_critical,False,True,True,False,0.4444444444444444,5,59,59,198585,144.90878891944885,0,14,0,3,6,/Users/chenlong/WorkSpace/MCGS_Law/emnlp2026_discussion/component_ablation_runs/stage1_gpt4o_b60_ic4_cc4_20260711_main20/results/19_bgb9_scc_7_direct_mutex__no-relation-first-memory.json,main20,9,small (9-11),bgb,scc_7,bgb_direct_timely_cure_vs_extra_charge_critical,19
Random local-window selection,random-local-window-selection,19_bgb9_scc_7_direct_mutex,19,bgb,scc_7,9,bgb_direct_timely_cure_vs_extra_charge_critical,False,True,True,True,0.4444444444444444,5,59,59,198738,145.52952194213867,0,14,3,1,,/Users/chenlong/WorkSpace/MCGS_Law/emnlp2026_discussion/component_ablation_runs/stage1_gpt4o_b60_ic4_cc4_20260711_main20/results/19_bgb9_scc_7_direct_mutex__random-local-window-selection.json,main20,9,small (9-11),bgb,scc_7,bgb_direct_timely_cure_vs_extra_charge_critical,19
Full SA-MCGS (locked main),full-sa-mcgs-locked,20_sec_ex219_scc_5_direct_mutex,20,sec_ex21,scc_5,9,sec_direct_full_consolidation_vs_retained_interest_critical,False,True,True,True,0.4444444444444444,5,,,,144.61453700065613,18,9,1,2,17,/Users/chenlong/WorkSpace/MCGS_Law/emnlp2026_discussion/component_ablation_runs/stage1_gpt4o_b60_ic4_cc4_20260711_main20/results/20_sec_ex219_scc_5_direct_mutex__full-sa-mcgs-locked.json,main20,9,small (9-11),sec_ex21,scc_5,sec_direct_full_consolidation_vs_retained_interest_critical,20
No critical-pair ledger/revisit,no-critical-pair-ledger-revisit,20_sec_ex219_scc_5_direct_mutex,20,sec_ex21,scc_5,11,sec_direct_full_consolidation_vs_retained_interest_critical,False,True,True,True,0.7272727272727273,3,60,60,119970,144.74636125564575,19,0,0,1,3,/Users/chenlong/WorkSpace/MCGS_Law/emnlp2026_discussion/component_ablation_runs/stage1_gpt4o_b60_ic4_cc4_20260711_main20/results/20_sec_ex219_scc_5_direct_mutex__no-critical-pair-ledger-revisit.json,main20,9,small (9-11),sec_ex21,scc_5,sec_direct_full_consolidation_vs_retained_interest_critical,20
No relation-first memory,no-relation-first-memory,20_sec_ex219_scc_5_direct_mutex,20,sec_ex21,scc_5,11,sec_direct_full_consolidation_vs_retained_interest_critical,False,True,True,True,0.5454545454545454,5,60,60,116028,113.806795835495,0,25,2,1,2,/Users/chenlong/WorkSpace/MCGS_Law/emnlp2026_discussion/component_ablation_runs/stage1_gpt4o_b60_ic4_cc4_20260711_main20/results/20_sec_ex219_scc_5_direct_mutex__no-relation-first-memory.json,main20,9,small (9-11),sec_ex21,scc_5,sec_direct_full_consolidation_vs_retained_interest_critical,20
Random local-window selection,random-local-window-selection,20_sec_ex219_scc_5_direct_mutex,20,sec_ex21,scc_5,11,sec_direct_full_consolidation_vs_retained_interest_critical,False,True,True,True,0.5454545454545454,5,60,60,113933,134.37224292755127,0,30,3,2,30,/Users/chenlong/WorkSpace/MCGS_Law/emnlp2026_discussion/component_ablation_runs/stage1_gpt4o_b60_ic4_cc4_20260711_main20/results/20_sec_ex219_scc_5_direct_mutex__random-local-window-selection.json,main20,9,small (9-11),sec_ex21,scc_5,sec_direct_full_consolidation_vs_retained_interest_critical,20
Full SA-MCGS (locked main),full-sa-mcgs-locked,21_cuad34_scc_11_condition_trigger,21,cuad,scc_11,34,cuad_condition_trigger_unconfirmed_exception_critical,False,True,True,True,0.5294117647058824,16,,,,270.9233169555664,18,13,22,8,,/Users/chenlong/WorkSpace/MCGS_Law/emnlp2026_discussion/component_ablation_runs/stage1_extra_long20_gpt4o_b60_ic4_cc4_20260711/results/21_cuad34_scc_11_condition_trigger__full-sa-mcgs-locked.json,long20,34,large (20-34),cuad,scc_11,cuad_condition_trigger_unconfirmed_exception_critical,21
No critical-pair ledger/revisit,no-critical-pair-ledger-revisit,21_cuad34_scc_11_condition_trigger,21,cuad,scc_11,34,cuad_condition_trigger_unconfirmed_exception_critical,False,True,False,False,0.9411764705882353,2,57,64,256746,336.65664291381836,19,0,0,,,/Users/chenlong/WorkSpace/MCGS_Law/emnlp2026_discussion/component_ablation_runs/stage1_extra_long20_gpt4o_b60_ic4_cc4_20260711/results/21_cuad34_scc_11_condition_trigger__no-critical-pair-ledger-revisit.json,long20,34,large (20-34),cuad,scc_11,cuad_condition_trigger_unconfirmed_exception_critical,21
No relation-first memory,no-relation-first-memory,21_cuad34_scc_11_condition_trigger,21,cuad,scc_11,34,cuad_condition_trigger_unconfirmed_exception_critical,False,True,True,True,0.5294117647058824,16,60,68,275515,330.9364449977875,0,22,22,7,22,/Users/chenlong/WorkSpace/MCGS_Law/emnlp2026_discussion/component_ablation_runs/stage1_extra_long20_gpt4o_b60_ic4_cc4_20260711/results/21_cuad34_scc_11_condition_trigger__no-relation-first-memory.json,long20,34,large (20-34),cuad,scc_11,cuad_condition_trigger_unconfirmed_exception_critical,21
Random local-window selection,random-local-window-selection,21_cuad34_scc_11_condition_trigger,21,cuad,scc_11,34,cuad_condition_trigger_unconfirmed_exception_critical,False,True,True,True,0.5294117647058824,16,60,69,275768,267.1777398586273,0,21,14,2,4,/Users/chenlong/WorkSpace/MCGS_Law/emnlp2026_discussion/component_ablation_runs/stage1_extra_long20_gpt4o_b60_ic4_cc4_20260711/results/21_cuad34_scc_11_condition_trigger__random-local-window-selection.json,long20,34,large (20-34),cuad,scc_11,cuad_condition_trigger_unconfirmed_exception_critical,21
Full SA-MCGS (locked main),full-sa-mcgs-locked,22_cuad34_scc_11_handoff_invariant,22,cuad,scc_11,34,cuad_handoff_invariant_payment_status_critical,False,True,True,True,0.5294117647058824,16,,,,333.6160891056061,18,12,21,,,/Users/chenlong/WorkSpace/MCGS_Law/emnlp2026_discussion/component_ablation_runs/stage1_extra_long20_gpt4o_b60_ic4_cc4_20260711/results/22_cuad34_scc_11_handoff_invariant__full-sa-mcgs-locked.json,long20,34,large (20-34),cuad,scc_11,cuad_handoff_invariant_payment_status_critical,22
No critical-pair ledger/revisit,no-critical-pair-ledger-revisit,22_cuad34_scc_11_handoff_invariant,22,cuad,scc_11,34,cuad_handoff_invariant_payment_status_critical,False,True,True,False,0.8235294117647058,6,50,56,233729,264.1801919937134,19,0,0,,,/Users/chenlong/WorkSpace/MCGS_Law/emnlp2026_discussion/component_ablation_runs/stage1_extra_long20_gpt4o_b60_ic4_cc4_20260711/results/22_cuad34_scc_11_handoff_invariant__no-critical-pair-ledger-revisit.json,long20,34,large (20-34),cuad,scc_11,cuad_handoff_invariant_payment_status_critical,22
No relation-first memory,no-relation-first-memory,22_cuad34_scc_11_handoff_invariant,22,cuad,scc_11,34,cuad_handoff_invariant_payment_status_critical,False,True,True,True,0.5294117647058824,16,60,60,239648,245.10579586029053,0,23,20,5,5,/Users/chenlong/WorkSpace/MCGS_Law/emnlp2026_discussion/component_ablation_runs/stage1_extra_long20_gpt4o_b60_ic4_cc4_20260711/results/22_cuad34_scc_11_handoff_invariant__no-relation-first-memory.json,long20,34,large (20-34),cuad,scc_11,cuad_handoff_invariant_payment_status_critical,22
Random local-window selection,random-local-window-selection,22_cuad34_scc_11_handoff_invariant,22,cuad,scc_11,34,cuad_handoff_invariant_payment_status_critical,False,True,False,False,0.5294117647058824,16,60,65,253093,244.88391995429993,0,19,22,,,/Users/chenlong/WorkSpace/MCGS_Law/emnlp2026_discussion/component_ablation_runs/stage1_extra_long20_gpt4o_b60_ic4_cc4_20260711/results/22_cuad34_scc_11_handoff_invariant__random-local-window-selection.json,long20,34,large (20-34),cuad,scc_11,cuad_handoff_invariant_payment_status_critical,22
Full SA-MCGS (locked main),full-sa-mcgs-locked,23_cuad34_scc_11_temporal_gate,23,cuad,scc_11,34,cuad_temporal_notice_receipt_gate_critical,False,True,True,True,0.5294117647058824,16,,,,236.6475830078125,18,17,17,,,/Users/chenlong/WorkSpace/MCGS_Law/emnlp2026_discussion/component_ablation_runs/stage1_extra_long20_gpt4o_b60_ic4_cc4_20260711/results/23_cuad34_scc_11_temporal_gate__full-sa-mcgs-locked.json,long20,34,large (20-34),cuad,scc_11,cuad_temporal_notice_receipt_gate_critical,23
No critical-pair ledger/revisit,no-critical-pair-ledger-revisit,23_cuad34_scc_11_temporal_gate,23,cuad,scc_11,34,cuad_temporal_notice_receipt_gate_critical,False,True,False,False,0.9117647058823529,3,57,62,256914,267.29895782470703,19,0,0,,,/Users/chenlong/WorkSpace/MCGS_Law/emnlp2026_discussion/component_ablation_runs/stage1_extra_long20_gpt4o_b60_ic4_cc4_20260711/results/23_cuad34_scc_11_temporal_gate__no-critical-pair-ledger-revisit.json,long20,34,large (20-34),cuad,scc_11,cuad_temporal_notice_receipt_gate_critical,23
No relation-first memory,no-relation-first-memory,23_cuad34_scc_11_temporal_gate,23,cuad,scc_11,34,cuad_temporal_notice_receipt_gate_critical,False,True,True,False,0.5294117647058824,16,60,67,264934,259.0502579212189,0,20,29,15,19,/Users/chenlong/WorkSpace/MCGS_Law/emnlp2026_discussion/component_ablation_runs/stage1_extra_long20_gpt4o_b60_ic4_cc4_20260711/results/23_cuad34_scc_11_temporal_gate__no-relation-first-memory.json,long20,34,large (20-34),cuad,scc_11,cuad_temporal_notice_receipt_gate_critical,23
Random local-window selection,random-local-window-selection,23_cuad34_scc_11_temporal_gate,23,cuad,scc_11,34,cuad_temporal_notice_receipt_gate_critical,False,True,True,True,0.5294117647058824,16,60,68,260412,279.25759506225586,0,23,15,9,9,/Users/chenlong/WorkSpace/MCGS_Law/emnlp2026_discussion/component_ablation_runs/stage1_extra_long20_gpt4o_b60_ic4_cc4_20260711/results/23_cuad34_scc_11_temporal_gate__random-local-window-selection.json,long20,34,large (20-34),cuad,scc_11,cuad_temporal_notice_receipt_gate_critical,23
Full SA-MCGS (locked main),full-sa-mcgs-locked,24_cuad28_scc_39_condition_trigger,24,cuad,scc_39,28,cuad_condition_trigger_unconfirmed_exception_critical,False,False,True,False,0.5357142857142857,13,,,,280.2105121612549,18,23,13,5,8,/Users/chenlong/WorkSpace/MCGS_Law/emnlp2026_discussion/component_ablation_runs/stage1_extra_long20_gpt4o_b60_ic4_cc4_20260711/results/24_cuad28_scc_39_condition_trigger__full-sa-mcgs-locked.json,long20,28,large (20-34),cuad,scc_39,cuad_condition_trigger_unconfirmed_exception_critical,24
No critical-pair ledger/revisit,no-critical-pair-ledger-revisit,24_cuad28_scc_39_condition_trigger,24,cuad,scc_39,28,cuad_condition_trigger_unconfirmed_exception_critical,False,False,True,False,0.8214285714285714,5,60,63,236972,212.21522307395935,19,0,0,51,,/Users/chenlong/WorkSpace/MCGS_Law/emnlp2026_discussion/component_ablation_runs/stage1_extra_long20_gpt4o_b60_ic4_cc4_20260711/results/24_cuad28_scc_39_condition_trigger__no-critical-pair-ledger-revisit.json,long20,28,large (20-34),cuad,scc_39,cuad_condition_trigger_unconfirmed_exception_critical,24
No relation-first memory,no-relation-first-memory,24_cuad28_scc_39_condition_trigger,24,cuad,scc_39,28,cuad_condition_trigger_unconfirmed_exception_critical,False,True,True,True,0.5357142857142857,13,60,62,223175,191.98853611946106,0,32,17,14,52,/Users/chenlong/WorkSpace/MCGS_Law/emnlp2026_discussion/component_ablation_runs/stage1_extra_long20_gpt4o_b60_ic4_cc4_20260711/results/24_cuad28_scc_39_condition_trigger__no-relation-first-memory.json,long20,28,large (20-34),cuad,scc_39,cuad_condition_trigger_unconfirmed_exception_critical,24
Random local-window selection,random-local-window-selection,24_cuad28_scc_39_condition_trigger,24,cuad,scc_39,28,cuad_condition_trigger_unconfirmed_exception_critical,False,False,True,False,0.5357142857142857,13,60,63,226097,213.1567988395691,0,31,11,1,,/Users/chenlong/WorkSpace/MCGS_Law/emnlp2026_discussion/component_ablation_runs/stage1_extra_long20_gpt4o_b60_ic4_cc4_20260711/results/24_cuad28_scc_39_condition_trigger__random-local-window-selection.json,long20,28,large (20-34),cuad,scc_39,cuad_condition_trigger_unconfirmed_exception_critical,24
Full SA-MCGS (locked main),full-sa-mcgs-locked,25_cuad28_scc_39_handoff_invariant,25,cuad,scc_39,28,cuad_handoff_invariant_payment_status_critical,False,True,True,True,0.5357142857142857,13,,,,270.2318608760834,18,22,18,6,8,/Users/chenlong/WorkSpace/MCGS_Law/emnlp2026_discussion/component_ablation_runs/stage1_extra_long20_gpt4o_b60_ic4_cc4_20260711/results/25_cuad28_scc_39_handoff_invariant__full-sa-mcgs-locked.json,long20,28,large (20-34),cuad,scc_39,cuad_handoff_invariant_payment_status_critical,25
No critical-pair ledger/revisit,no-critical-pair-ledger-revisit,25_cuad28_scc_39_handoff_invariant,25,cuad,scc_39,28,cuad_handoff_invariant_payment_status_critical,False,False,False,False,0.8571428571428572,4,57,58,217049,180.65928196907043,19,0,0,,,/Users/chenlong/WorkSpace/MCGS_Law/emnlp2026_discussion/component_ablation_runs/stage1_extra_long20_gpt4o_b60_ic4_cc4_20260711/results/25_cuad28_scc_39_handoff_invariant__no-critical-pair-ledger-revisit.json,long20,28,large (20-34),cuad,scc_39,cuad_handoff_invariant_payment_status_critical,25
No relation-first memory,no-relation-first-memory,25_cuad28_scc_39_handoff_invariant,25,cuad,scc_39,28,cuad_handoff_invariant_payment_status_critical,False,True,True,True,0.5357142857142857,13,60,63,231921,205.08716011047363,0,37,13,11,13,/Users/chenlong/WorkSpace/MCGS_Law/emnlp2026_discussion/component_ablation_runs/stage1_extra_long20_gpt4o_b60_ic4_cc4_20260711/results/25_cuad28_scc_39_handoff_invariant__no-relation-first-memory.json,long20,28,large (20-34),cuad,scc_39,cuad_handoff_invariant_payment_status_critical,25
Random local-window selection,random-local-window-selection,25_cuad28_scc_39_handoff_invariant,25,cuad,scc_39,28,cuad_handoff_invariant_payment_status_critical,False,True,True,True,0.5357142857142857,13,60,62,214204,191.0208239555359,0,25,15,4,,/Users/chenlong/WorkSpace/MCGS_Law/emnlp2026_discussion/component_ablation_runs/stage1_extra_long20_gpt4o_b60_ic4_cc4_20260711/results/25_cuad28_scc_39_handoff_invariant__random-local-window-selection.json,long20,28,large (20-34),cuad,scc_39,cuad_handoff_invariant_payment_status_critical,25
Full SA-MCGS (locked main),full-sa-mcgs-locked,26_cuad28_scc_39_temporal_gate,26,cuad,scc_39,28,cuad_temporal_notice_receipt_gate_critical,False,False,True,False,0.5357142857142857,13,,,,207.99131202697754,18,22,14,5,7,/Users/chenlong/WorkSpace/MCGS_Law/emnlp2026_discussion/component_ablation_runs/stage1_extra_long20_gpt4o_b60_ic4_cc4_20260711/results/26_cuad28_scc_39_temporal_gate__full-sa-mcgs-locked.json,long20,28,large (20-34),cuad,scc_39,cuad_temporal_notice_receipt_gate_critical,26
No critical-pair ledger/revisit,no-critical-pair-ledger-revisit,26_cuad28_scc_39_temporal_gate,26,cuad,scc_39,28,cuad_temporal_notice_receipt_gate_critical,False,True,True,False,0.8214285714285714,5,60,60,217873,171.79321217536926,19,0,0,50,,/Users/chenlong/WorkSpace/MCGS_Law/emnlp2026_discussion/component_ablation_runs/stage1_extra_long20_gpt4o_b60_ic4_cc4_20260711/results/26_cuad28_scc_39_temporal_gate__no-critical-pair-ledger-revisit.json,long20,28,large (20-34),cuad,scc_39,cuad_temporal_notice_receipt_gate_critical,26
No relation-first memory,no-relation-first-memory,26_cuad28_scc_39_temporal_gate,26,cuad,scc_39,28,cuad_temporal_notice_receipt_gate_critical,False,False,True,False,0.5357142857142857,13,60,61,222328,190.60420489311218,0,38,8,8,37,/Users/chenlong/WorkSpace/MCGS_Law/emnlp2026_discussion/component_ablation_runs/stage1_extra_long20_gpt4o_b60_ic4_cc4_20260711/results/26_cuad28_scc_39_temporal_gate__no-relation-first-memory.json,long20,28,large (20-34),cuad,scc_39,cuad_temporal_notice_receipt_gate_critical,26
Random local-window selection,random-local-window-selection,26_cuad28_scc_39_temporal_gate,26,cuad,scc_39,28,cuad_temporal_notice_receipt_gate_critical,False,True,True,True,0.5357142857142857,13,60,61,217100,170.1279890537262,0,36,10,1,21,/Users/chenlong/WorkSpace/MCGS_Law/emnlp2026_discussion/component_ablation_runs/stage1_extra_long20_gpt4o_b60_ic4_cc4_20260711/results/26_cuad28_scc_39_temporal_gate__random-local-window-selection.json,long20,28,large (20-34),cuad,scc_39,cuad_temporal_notice_receipt_gate_critical,26
Full SA-MCGS (locked main),full-sa-mcgs-locked,27_bgb25_scc_3_condition_trigger,27,bgb,scc_3,25,bgb_condition_trigger_pending_notice_critical,False,False,True,False,0.52,12,,,,191.78118419647217,18,25,6,3,13,/Users/chenlong/WorkSpace/MCGS_Law/emnlp2026_discussion/component_ablation_runs/stage1_extra_long20_gpt4o_b60_ic4_cc4_20260711/results/27_bgb25_scc_3_condition_trigger__full-sa-mcgs-locked.json,long20,25,large (20-34),bgb,scc_3,bgb_condition_trigger_pending_notice_critical,27
No critical-pair ledger/revisit,no-critical-pair-ledger-revisit,27_bgb25_scc_3_condition_trigger,27,bgb,scc_3,25,bgb_condition_trigger_pending_notice_critical,False,False,False,False,0.64,9,60,61,238581,148.64612984657288,19,0,0,9,,/Users/chenlong/WorkSpace/MCGS_Law/emnlp2026_discussion/component_ablation_runs/stage1_extra_long20_gpt4o_b60_ic4_cc4_20260711/results/27_bgb25_scc_3_condition_trigger__no-critical-pair-ledger-revisit.json,long20,25,large (20-34),bgb,scc_3,bgb_condition_trigger_pending_notice_critical,27
No relation-first memory,no-relation-first-memory,27_bgb25_scc_3_condition_trigger,27,bgb,scc_3,25,bgb_condition_trigger_pending_notice_critical,False,True,True,False,0.52,12,60,60,216700,142.279372215271,0,32,7,23,33,/Users/chenlong/WorkSpace/MCGS_Law/emnlp2026_discussion/component_ablation_runs/stage1_extra_long20_gpt4o_b60_ic4_cc4_20260711/results/27_bgb25_scc_3_condition_trigger__no-relation-first-memory.json,long20,25,large (20-34),bgb,scc_3,bgb_condition_trigger_pending_notice_critical,27
Random local-window selection,random-local-window-selection,27_bgb25_scc_3_condition_trigger,27,bgb,scc_3,25,bgb_condition_trigger_pending_notice_critical,False,False,True,True,0.52,12,60,60,218568,138.10357809066772,0,33,4,3,,/Users/chenlong/WorkSpace/MCGS_Law/emnlp2026_discussion/component_ablation_runs/stage1_extra_long20_gpt4o_b60_ic4_cc4_20260711/results/27_bgb25_scc_3_condition_trigger__random-local-window-selection.json,long20,25,large (20-34),bgb,scc_3,bgb_condition_trigger_pending_notice_critical,27
Full SA-MCGS (locked main),full-sa-mcgs-locked,28_bgb25_scc_3_handoff_invariant,28,bgb,scc_3,25,bgb_handoff_invariant_cure_class_critical,False,True,True,False,0.52,12,,,,272.30370688438416,18,23,8,4,,/Users/chenlong/WorkSpace/MCGS_Law/emnlp2026_discussion/component_ablation_runs/stage1_extra_long20_gpt4o_b60_ic4_cc4_20260711/results/28_bgb25_scc_3_handoff_invariant__full-sa-mcgs-locked.json,long20,25,large (20-34),bgb,scc_3,bgb_handoff_invariant_cure_class_critical,28
No critical-pair ledger/revisit,no-critical-pair-ledger-revisit,28_bgb25_scc_3_handoff_invariant,28,bgb,scc_3,25,bgb_handoff_invariant_cure_class_critical,False,True,False,False,0.84,4,60,60,239203,135.21258282661438,19,0,0,8,,/Users/chenlong/WorkSpace/MCGS_Law/emnlp2026_discussion/component_ablation_runs/stage1_extra_long20_gpt4o_b60_ic4_cc4_20260711/results/28_bgb25_scc_3_handoff_invariant__no-critical-pair-ledger-revisit.json,long20,25,large (20-34),bgb,scc_3,bgb_handoff_invariant_cure_class_critical,28
No relation-first memory,no-relation-first-memory,28_bgb25_scc_3_handoff_invariant,28,bgb,scc_3,25,bgb_handoff_invariant_cure_class_critical,False,True,True,False,0.52,12,59,60,213435,146.1838400363922,0,27,6,8,10,/Users/chenlong/WorkSpace/MCGS_Law/emnlp2026_discussion/component_ablation_runs/stage1_extra_long20_gpt4o_b60_ic4_cc4_20260711/results/28_bgb25_scc_3_handoff_invariant__no-relation-first-memory.json,long20,25,large (20-34),bgb,scc_3,bgb_handoff_invariant_cure_class_critical,28
Random local-window selection,random-local-window-selection,28_bgb25_scc_3_handoff_invariant,28,bgb,scc_3,25,bgb_handoff_invariant_cure_class_critical,False,True,True,True,0.52,12,60,61,215854,146.6965959072113,0,33,4,3,10,/Users/chenlong/WorkSpace/MCGS_Law/emnlp2026_discussion/component_ablation_runs/stage1_extra_long20_gpt4o_b60_ic4_cc4_20260711/results/28_bgb25_scc_3_handoff_invariant__random-local-window-selection.json,long20,25,large (20-34),bgb,scc_3,bgb_handoff_invariant_cure_class_critical,28
Full SA-MCGS (locked main),full-sa-mcgs-locked,29_bgb25_scc_3_temporal_gate,29,bgb,scc_3,25,bgb_temporal_grace_period_gate_critical,False,False,True,False,0.52,12,,,,253.14490604400635,18,33,1,2,15,/Users/chenlong/WorkSpace/MCGS_Law/emnlp2026_discussion/component_ablation_runs/stage1_extra_long20_gpt4o_b60_ic4_cc4_20260711/results/29_bgb25_scc_3_temporal_gate__full-sa-mcgs-locked.json,long20,25,large (20-34),bgb,scc_3,bgb_temporal_grace_period_gate_critical,29
No critical-pair ledger/revisit,no-critical-pair-ledger-revisit,29_bgb25_scc_3_temporal_gate,29,bgb,scc_3,25,bgb_temporal_grace_period_gate_critical,False,True,True,False,0.76,6,60,60,238874,129.80502128601074,19,0,0,32,,/Users/chenlong/WorkSpace/MCGS_Law/emnlp2026_discussion/component_ablation_runs/stage1_extra_long20_gpt4o_b60_ic4_cc4_20260711/results/29_bgb25_scc_3_temporal_gate__no-critical-pair-ledger-revisit.json,long20,25,large (20-34),bgb,scc_3,bgb_temporal_grace_period_gate_critical,29
No relation-first memory,no-relation-first-memory,29_bgb25_scc_3_temporal_gate,29,bgb,scc_3,25,bgb_temporal_grace_period_gate_critical,False,True,True,True,0.52,12,60,60,217277,139.73804903030396,0,33,9,5,7,/Users/chenlong/WorkSpace/MCGS_Law/emnlp2026_discussion/component_ablation_runs/stage1_extra_long20_gpt4o_b60_ic4_cc4_20260711/results/29_bgb25_scc_3_temporal_gate__no-relation-first-memory.json,long20,25,large (20-34),bgb,scc_3,bgb_temporal_grace_period_gate_critical,29
Random local-window selection,random-local-window-selection,29_bgb25_scc_3_temporal_gate,29,bgb,scc_3,25,bgb_temporal_grace_period_gate_critical,False,True,True,False,0.52,12,60,60,214642,127.72608304023743,0,29,4,2,4,/Users/chenlong/WorkSpace/MCGS_Law/emnlp2026_discussion/component_ablation_runs/stage1_extra_long20_gpt4o_b60_ic4_cc4_20260711/results/29_bgb25_scc_3_temporal_gate__random-local-window-selection.json,long20,25,large (20-34),bgb,scc_3,bgb_temporal_grace_period_gate_critical,29
Full SA-MCGS (locked main),full-sa-mcgs-locked,30_cuad25_scc_17_condition_trigger,30,cuad,scc_17,25,cuad_condition_trigger_unconfirmed_exception_critical,False,True,True,True,0.52,12,,,,382.6533818244934,18,23,9,5,6,/Users/chenlong/WorkSpace/MCGS_Law/emnlp2026_discussion/component_ablation_runs/stage1_extra_long20_gpt4o_b60_ic4_cc4_20260711/results/30_cuad25_scc_17_condition_trigger__full-sa-mcgs-locked.json,long20,25,large (20-34),cuad,scc_17,cuad_condition_trigger_unconfirmed_exception_critical,30
No critical-pair ledger/revisit,no-critical-pair-ledger-revisit,30_cuad25_scc_17_condition_trigger,30,cuad,scc_17,25,cuad_condition_trigger_unconfirmed_exception_critical,False,True,True,True,0.8,5,60,75,330418,315.69536995887756,19,0,0,2,44,/Users/chenlong/WorkSpace/MCGS_Law/emnlp2026_discussion/component_ablation_runs/stage1_extra_long20_gpt4o_b60_ic4_cc4_20260711/results/30_cuad25_scc_17_condition_trigger__no-critical-pair-ledger-revisit.json,long20,25,large (20-34),cuad,scc_17,cuad_condition_trigger_unconfirmed_exception_critical,30
No relation-first memory,no-relation-first-memory,30_cuad25_scc_17_condition_trigger,30,cuad,scc_17,25,cuad_condition_trigger_unconfirmed_exception_critical,False,True,True,True,0.52,12,60,70,305023,259.9295709133148,0,29,10,2,6,/Users/chenlong/WorkSpace/MCGS_Law/emnlp2026_discussion/component_ablation_runs/stage1_extra_long20_gpt4o_b60_ic4_cc4_20260711/results/30_cuad25_scc_17_condition_trigger__no-relation-first-memory.json,long20,25,large (20-34),cuad,scc_17,cuad_condition_trigger_unconfirmed_exception_critical,30
Random local-window selection,random-local-window-selection,30_cuad25_scc_17_condition_trigger,30,cuad,scc_17,25,cuad_condition_trigger_unconfirmed_exception_critical,False,True,True,True,0.52,12,60,67,283418,244.60901713371277,0,29,12,3,18,/Users/chenlong/WorkSpace/MCGS_Law/emnlp2026_discussion/component_ablation_runs/stage1_extra_long20_gpt4o_b60_ic4_cc4_20260711/results/30_cuad25_scc_17_condition_trigger__random-local-window-selection.json,long20,25,large (20-34),cuad,scc_17,cuad_condition_trigger_unconfirmed_exception_critical,30
Full SA-MCGS (locked main),full-sa-mcgs-locked,31_cuad25_scc_17_handoff_invariant,31,cuad,scc_17,25,cuad_handoff_invariant_payment_status_critical,False,True,True,True,0.52,12,,,,371.7752249240875,18,21,12,1,5,/Users/chenlong/WorkSpace/MCGS_Law/emnlp2026_discussion/component_ablation_runs/stage1_extra_long20_gpt4o_b60_ic4_cc4_20260711/results/31_cuad25_scc_17_handoff_invariant__full-sa-mcgs-locked.json,long20,25,large (20-34),cuad,scc_17,cuad_handoff_invariant_payment_status_critical,31
No critical-pair ledger/revisit,no-critical-pair-ledger-revisit,31_cuad25_scc_17_handoff_invariant,31,cuad,scc_17,25,cuad_handoff_invariant_payment_status_critical,False,True,True,True,0.84,4,60,68,291048,253.2497329711914,19,0,0,1,45,/Users/chenlong/WorkSpace/MCGS_Law/emnlp2026_discussion/component_ablation_runs/stage1_extra_long20_gpt4o_b60_ic4_cc4_20260711/results/31_cuad25_scc_17_handoff_invariant__no-critical-pair-ledger-revisit.json,long20,25,large (20-34),cuad,scc_17,cuad_handoff_invariant_payment_status_critical,31
No relation-first memory,no-relation-first-memory,31_cuad25_scc_17_handoff_invariant,31,cuad,scc_17,25,cuad_handoff_invariant_payment_status_critical,False,True,True,True,0.52,12,60,71,323371,326.0967240333557,0,35,9,3,15,/Users/chenlong/WorkSpace/MCGS_Law/emnlp2026_discussion/component_ablation_runs/stage1_extra_long20_gpt4o_b60_ic4_cc4_20260711/results/31_cuad25_scc_17_handoff_invariant__no-relation-first-memory.json,long20,25,large (20-34),cuad,scc_17,cuad_handoff_invariant_payment_status_critical,31
Random local-window selection,random-local-window-selection,31_cuad25_scc_17_handoff_invariant,31,cuad,scc_17,25,cuad_handoff_invariant_payment_status_critical,False,True,True,False,0.52,12,60,69,301844,275.77211594581604,0,27,13,3,,/Users/chenlong/WorkSpace/MCGS_Law/emnlp2026_discussion/component_ablation_runs/stage1_extra_long20_gpt4o_b60_ic4_cc4_20260711/results/31_cuad25_scc_17_handoff_invariant__random-local-window-selection.json,long20,25,large (20-34),cuad,scc_17,cuad_handoff_invariant_payment_status_critical,31
Full SA-MCGS (locked main),full-sa-mcgs-locked,32_cuad25_scc_17_temporal_gate,32,cuad,scc_17,25,cuad_temporal_notice_receipt_gate_critical,False,True,True,True,0.52,12,,,,356.59743785858154,18,22,10,4,4,/Users/chenlong/WorkSpace/MCGS_Law/emnlp2026_discussion/component_ablation_runs/stage1_extra_long20_gpt4o_b60_ic4_cc4_20260711/results/32_cuad25_scc_17_temporal_gate__full-sa-mcgs-locked.json,long20,25,large (20-34),cuad,scc_17,cuad_temporal_notice_receipt_gate_critical,32
No critical-pair ledger/revisit,no-critical-pair-ledger-revisit,32_cuad25_scc_17_temporal_gate,32,cuad,scc_17,25,cuad_temporal_notice_receipt_gate_critical,False,True,True,False,0.92,2,60,69,293085,286.52277183532715,19,0,0,1,5,/Users/chenlong/WorkSpace/MCGS_Law/emnlp2026_discussion/component_ablation_runs/stage1_extra_long20_gpt4o_b60_ic4_cc4_20260711/results/32_cuad25_scc_17_temporal_gate__no-critical-pair-ledger-revisit.json,long20,25,large (20-34),cuad,scc_17,cuad_temporal_notice_receipt_gate_critical,32
No relation-first memory,no-relation-first-memory,32_cuad25_scc_17_temporal_gate,32,cuad,scc_17,25,cuad_temporal_notice_receipt_gate_critical,False,True,True,True,0.52,12,60,70,310918,277.8836159706116,0,31,11,1,20,/Users/chenlong/WorkSpace/MCGS_Law/emnlp2026_discussion/component_ablation_runs/stage1_extra_long20_gpt4o_b60_ic4_cc4_20260711/results/32_cuad25_scc_17_temporal_gate__no-relation-first-memory.json,long20,25,large (20-34),cuad,scc_17,cuad_temporal_notice_receipt_gate_critical,32
Random local-window selection,random-local-window-selection,32_cuad25_scc_17_temporal_gate,32,cuad,scc_17,25,cuad_temporal_notice_receipt_gate_critical,False,True,True,True,0.52,12,60,65,277743,234.40924286842346,0,33,9,3,22,/Users/chenlong/WorkSpace/MCGS_Law/emnlp2026_discussion/component_ablation_runs/stage1_extra_long20_gpt4o_b60_ic4_cc4_20260711/results/32_cuad25_scc_17_temporal_gate__random-local-window-selection.json,long20,25,large (20-34),cuad,scc_17,cuad_temporal_notice_receipt_gate_critical,32
Full SA-MCGS (locked main),full-sa-mcgs-locked,33_cuad24_scc_21_condition_trigger,33,cuad,scc_21,24,cuad_condition_trigger_unconfirmed_exception_critical,False,True,True,True,0.5416666666666667,11,,,,227.80019521713257,18,31,22,1,,/Users/chenlong/WorkSpace/MCGS_Law/emnlp2026_discussion/component_ablation_runs/stage1_extra_long20_gpt4o_b60_ic4_cc4_20260711/results/33_cuad24_scc_21_condition_trigger__full-sa-mcgs-locked.json,long20,24,large (20-34),cuad,scc_21,cuad_condition_trigger_unconfirmed_exception_critical,33
No critical-pair ledger/revisit,no-critical-pair-ledger-revisit,33_cuad24_scc_21_condition_trigger,33,cuad,scc_21,24,cuad_condition_trigger_unconfirmed_exception_critical,False,True,True,False,0.875,3,60,60,193827,161.69757890701294,19,0,0,1,59,/Users/chenlong/WorkSpace/MCGS_Law/emnlp2026_discussion/component_ablation_runs/stage1_extra_long20_gpt4o_b60_ic4_cc4_20260711/results/33_cuad24_scc_21_condition_trigger__no-critical-pair-ledger-revisit.json,long20,24,large (20-34),cuad,scc_21,cuad_condition_trigger_unconfirmed_exception_critical,33
No relation-first memory,no-relation-first-memory,33_cuad24_scc_21_condition_trigger,33,cuad,scc_21,24,cuad_condition_trigger_unconfirmed_exception_critical,False,True,True,False,0.5416666666666667,11,60,61,195124,173.9358470439911,0,46,21,3,20,/Users/chenlong/WorkSpace/MCGS_Law/emnlp2026_discussion/component_ablation_runs/stage1_extra_long20_gpt4o_b60_ic4_cc4_20260711/results/33_cuad24_scc_21_condition_trigger__no-relation-first-memory.json,long20,24,large (20-34),cuad,scc_21,cuad_condition_trigger_unconfirmed_exception_critical,33
Random local-window selection,random-local-window-selection,33_cuad24_scc_21_condition_trigger,33,cuad,scc_21,24,cuad_condition_trigger_unconfirmed_exception_critical,False,True,True,False,0.5416666666666667,11,60,60,192506,159.65592002868652,0,44,25,17,,/Users/chenlong/WorkSpace/MCGS_Law/emnlp2026_discussion/component_ablation_runs/stage1_extra_long20_gpt4o_b60_ic4_cc4_20260711/results/33_cuad24_scc_21_condition_trigger__random-local-window-selection.json,long20,24,large (20-34),cuad,scc_21,cuad_condition_trigger_unconfirmed_exception_critical,33
Full SA-MCGS (locked main),full-sa-mcgs-locked,34_cuad24_scc_21_handoff_invariant,34,cuad,scc_21,24,cuad_handoff_invariant_payment_status_critical,False,True,True,True,0.5416666666666667,11,,,,261.7561538219452,18,22,25,8,56,/Users/chenlong/WorkSpace/MCGS_Law/emnlp2026_discussion/component_ablation_runs/stage1_extra_long20_gpt4o_b60_ic4_cc4_20260711/results/34_cuad24_scc_21_handoff_invariant__full-sa-mcgs-locked.json,long20,24,large (20-34),cuad,scc_21,cuad_handoff_invariant_payment_status_critical,34
No critical-pair ledger/revisit,no-critical-pair-ledger-revisit,34_cuad24_scc_21_handoff_invariant,34,cuad,scc_21,24,cuad_handoff_invariant_payment_status_critical,False,True,True,False,0.7916666666666666,5,60,63,205644,208.1670138835907,19,0,0,1,,/Users/chenlong/WorkSpace/MCGS_Law/emnlp2026_discussion/component_ablation_runs/stage1_extra_long20_gpt4o_b60_ic4_cc4_20260711/results/34_cuad24_scc_21_handoff_invariant__no-critical-pair-ledger-revisit.json,long20,24,large (20-34),cuad,scc_21,cuad_handoff_invariant_payment_status_critical,34
No relation-first memory,no-relation-first-memory,34_cuad24_scc_21_handoff_invariant,34,cuad,scc_21,24,cuad_handoff_invariant_payment_status_critical,False,True,True,False,0.5416666666666667,11,60,61,195080,167.72210001945496,0,45,17,4,23,/Users/chenlong/WorkSpace/MCGS_Law/emnlp2026_discussion/component_ablation_runs/stage1_extra_long20_gpt4o_b60_ic4_cc4_20260711/results/34_cuad24_scc_21_handoff_invariant__no-relation-first-memory.json,long20,24,large (20-34),cuad,scc_21,cuad_handoff_invariant_payment_status_critical,34
Random local-window selection,random-local-window-selection,34_cuad24_scc_21_handoff_invariant,34,cuad,scc_21,24,cuad_handoff_invariant_payment_status_critical,False,True,True,False,0.5416666666666667,11,60,64,205258,195.48289895057678,0,42,17,11,,/Users/chenlong/WorkSpace/MCGS_Law/emnlp2026_discussion/component_ablation_runs/stage1_extra_long20_gpt4o_b60_ic4_cc4_20260711/results/34_cuad24_scc_21_handoff_invariant__random-local-window-selection.json,long20,24,large (20-34),cuad,scc_21,cuad_handoff_invariant_payment_status_critical,34
Full SA-MCGS (locked main),full-sa-mcgs-locked,35_cuad24_scc_21_temporal_gate,35,cuad,scc_21,24,cuad_temporal_notice_receipt_gate_critical,False,True,True,False,0.5416666666666667,11,,,,261.71732902526855,18,24,32,3,,/Users/chenlong/WorkSpace/MCGS_Law/emnlp2026_discussion/component_ablation_runs/stage1_extra_long20_gpt4o_b60_ic4_cc4_20260711/results/35_cuad24_scc_21_temporal_gate__full-sa-mcgs-locked.json,long20,24,large (20-34),cuad,scc_21,cuad_temporal_notice_receipt_gate_critical,35
No critical-pair ledger/revisit,no-critical-pair-ledger-revisit,35_cuad24_scc_21_temporal_gate,35,cuad,scc_21,24,cuad_temporal_notice_receipt_gate_critical,False,True,True,False,0.875,3,60,61,193635,179.10073685646057,19,0,0,2,,/Users/chenlong/WorkSpace/MCGS_Law/emnlp2026_discussion/component_ablation_runs/stage1_extra_long20_gpt4o_b60_ic4_cc4_20260711/results/35_cuad24_scc_21_temporal_gate__no-critical-pair-ledger-revisit.json,long20,24,large (20-34),cuad,scc_21,cuad_temporal_notice_receipt_gate_critical,35
No relation-first memory,no-relation-first-memory,35_cuad24_scc_21_temporal_gate,35,cuad,scc_21,24,cuad_temporal_notice_receipt_gate_critical,False,True,False,False,0.5416666666666667,11,60,60,190898,159.66404914855957,0,38,25,7,24,/Users/chenlong/WorkSpace/MCGS_Law/emnlp2026_discussion/component_ablation_runs/stage1_extra_long20_gpt4o_b60_ic4_cc4_20260711/results/35_cuad24_scc_21_temporal_gate__no-relation-first-memory.json,long20,24,large (20-34),cuad,scc_21,cuad_temporal_notice_receipt_gate_critical,35
Random local-window selection,random-local-window-selection,35_cuad24_scc_21_temporal_gate,35,cuad,scc_21,24,cuad_temporal_notice_receipt_gate_critical,False,True,True,False,0.5416666666666667,11,60,62,197804,190.26891112327576,0,44,19,9,,/Users/chenlong/WorkSpace/MCGS_Law/emnlp2026_discussion/component_ablation_runs/stage1_extra_long20_gpt4o_b60_ic4_cc4_20260711/results/35_cuad24_scc_21_temporal_gate__random-local-window-selection.json,long20,24,large (20-34),cuad,scc_21,cuad_temporal_notice_receipt_gate_critical,35
Full SA-MCGS (locked main),full-sa-mcgs-locked,36_cuad20_scc_28_condition_trigger,36,cuad,scc_28,20,cuad_condition_trigger_unconfirmed_exception_critical,False,True,True,False,0.55,9,,,,441.9958658218384,18,29,5,1,45,/Users/chenlong/WorkSpace/MCGS_Law/emnlp2026_discussion/component_ablation_runs/stage1_extra_long20_gpt4o_b60_ic4_cc4_20260711/results/36_cuad20_scc_28_condition_trigger__full-sa-mcgs-locked.json,long20,20,large (20-34),cuad,scc_28,cuad_condition_trigger_unconfirmed_exception_critical,36
No critical-pair ledger/revisit,no-critical-pair-ledger-revisit,36_cuad20_scc_28_condition_trigger,36,cuad,scc_28,20,cuad_condition_trigger_unconfirmed_exception_critical,False,True,True,False,0.75,5,60,63,277570,229.56232595443726,19,0,0,42,,/Users/chenlong/WorkSpace/MCGS_Law/emnlp2026_discussion/component_ablation_runs/stage1_extra_long20_gpt4o_b60_ic4_cc4_20260711/results/36_cuad20_scc_28_condition_trigger__no-critical-pair-ledger-revisit.json,long20,20,large (20-34),cuad,scc_28,cuad_condition_trigger_unconfirmed_exception_critical,36
No relation-first memory,no-relation-first-memory,36_cuad20_scc_28_condition_trigger,36,cuad,scc_28,20,cuad_condition_trigger_unconfirmed_exception_critical,False,True,True,True,0.55,9,60,62,284616,197.0431318283081,0,29,7,9,14,/Users/chenlong/WorkSpace/MCGS_Law/emnlp2026_discussion/component_ablation_runs/stage1_extra_long20_gpt4o_b60_ic4_cc4_20260711/results/36_cuad20_scc_28_condition_trigger__no-relation-first-memory.json,long20,20,large (20-34),cuad,scc_28,cuad_condition_trigger_unconfirmed_exception_critical,36
Random local-window selection,random-local-window-selection,36_cuad20_scc_28_condition_trigger,36,cuad,scc_28,20,cuad_condition_trigger_unconfirmed_exception_critical,False,True,True,False,0.55,9,60,66,289756,229.77579593658447,0,28,5,3,3,/Users/chenlong/WorkSpace/MCGS_Law/emnlp2026_discussion/component_ablation_runs/stage1_extra_long20_gpt4o_b60_ic4_cc4_20260711/results/36_cuad20_scc_28_condition_trigger__random-local-window-selection.json,long20,20,large (20-34),cuad,scc_28,cuad_condition_trigger_unconfirmed_exception_critical,36
Full SA-MCGS (locked main),full-sa-mcgs-locked,37_cuad20_scc_28_handoff_invariant,37,cuad,scc_28,20,cuad_handoff_invariant_payment_status_critical,False,True,True,True,0.55,9,,,,326.5590741634369,18,23,8,1,2,/Users/chenlong/WorkSpace/MCGS_Law/emnlp2026_discussion/component_ablation_runs/stage1_extra_long20_gpt4o_b60_ic4_cc4_20260711/results/37_cuad20_scc_28_handoff_invariant__full-sa-mcgs-locked.json,long20,20,large (20-34),cuad,scc_28,cuad_handoff_invariant_payment_status_critical,37
No critical-pair ledger/revisit,no-critical-pair-ledger-revisit,37_cuad20_scc_28_handoff_invariant,37,cuad,scc_28,20,cuad_handoff_invariant_payment_status_critical,False,True,True,False,0.7,6,60,61,271655,188.3040108680725,19,0,0,38,,/Users/chenlong/WorkSpace/MCGS_Law/emnlp2026_discussion/component_ablation_runs/stage1_extra_long20_gpt4o_b60_ic4_cc4_20260711/results/37_cuad20_scc_28_handoff_invariant__no-critical-pair-ledger-revisit.json,long20,20,large (20-34),cuad,scc_28,cuad_handoff_invariant_payment_status_critical,37
No relation-first memory,no-relation-first-memory,37_cuad20_scc_28_handoff_invariant,37,cuad,scc_28,20,cuad_handoff_invariant_payment_status_critical,False,True,True,True,0.55,9,60,63,289811,210.56378388404846,0,33,3,5,9,/Users/chenlong/WorkSpace/MCGS_Law/emnlp2026_discussion/component_ablation_runs/stage1_extra_long20_gpt4o_b60_ic4_cc4_20260711/results/37_cuad20_scc_28_handoff_invariant__no-relation-first-memory.json,long20,20,large (20-34),cuad,scc_28,cuad_handoff_invariant_payment_status_critical,37
Random local-window selection,random-local-window-selection,37_cuad20_scc_28_handoff_invariant,37,cuad,scc_28,20,cuad_handoff_invariant_payment_status_critical,False,True,True,False,0.55,9,60,63,271136,224.59665298461914,0,31,3,10,14,/Users/chenlong/WorkSpace/MCGS_Law/emnlp2026_discussion/component_ablation_runs/stage1_extra_long20_gpt4o_b60_ic4_cc4_20260711/results/37_cuad20_scc_28_handoff_invariant__random-local-window-selection.json,long20,20,large (20-34),cuad,scc_28,cuad_handoff_invariant_payment_status_critical,37
Full SA-MCGS (locked main),full-sa-mcgs-locked,38_cuad20_scc_28_temporal_gate,38,cuad,scc_28,20,cuad_temporal_notice_receipt_gate_critical,False,True,True,True,0.55,9,,,,453.64094614982605,18,21,8,1,13,/Users/chenlong/WorkSpace/MCGS_Law/emnlp2026_discussion/component_ablation_runs/stage1_extra_long20_gpt4o_b60_ic4_cc4_20260711/results/38_cuad20_scc_28_temporal_gate__full-sa-mcgs-locked.json,long20,20,large (20-34),cuad,scc_28,cuad_temporal_notice_receipt_gate_critical,38
No critical-pair ledger/revisit,no-critical-pair-ledger-revisit,38_cuad20_scc_28_temporal_gate,38,cuad,scc_28,20,cuad_temporal_notice_receipt_gate_critical,False,False,False,False,0.85,3,60,65,287496,331.40913701057434,19,0,0,,,/Users/chenlong/WorkSpace/MCGS_Law/emnlp2026_discussion/component_ablation_runs/stage1_extra_long20_gpt4o_b60_ic4_cc4_20260711/results/38_cuad20_scc_28_temporal_gate__no-critical-pair-ledger-revisit.json,long20,20,large (20-34),cuad,scc_28,cuad_temporal_notice_receipt_gate_critical,38
No relation-first memory,no-relation-first-memory,38_cuad20_scc_28_temporal_gate,38,cuad,scc_28,20,cuad_temporal_notice_receipt_gate_critical,False,False,True,True,0.55,9,60,61,275135,184.32463192939758,0,32,4,8,,/Users/chenlong/WorkSpace/MCGS_Law/emnlp2026_discussion/component_ablation_runs/stage1_extra_long20_gpt4o_b60_ic4_cc4_20260711/results/38_cuad20_scc_28_temporal_gate__no-relation-first-memory.json,long20,20,large (20-34),cuad,scc_28,cuad_temporal_notice_receipt_gate_critical,38
Random local-window selection,random-local-window-selection,38_cuad20_scc_28_temporal_gate,38,cuad,scc_28,20,cuad_temporal_notice_receipt_gate_critical,False,True,False,False,0.55,9,60,62,264680,261.01850295066833,0,27,7,4,5,/Users/chenlong/WorkSpace/MCGS_Law/emnlp2026_discussion/component_ablation_runs/stage1_extra_long20_gpt4o_b60_ic4_cc4_20260711/results/38_cuad20_scc_28_temporal_gate__random-local-window-selection.json,long20,20,large (20-34),cuad,scc_28,cuad_temporal_notice_receipt_gate_critical,38
Full SA-MCGS (locked main),full-sa-mcgs-locked,39_sec_ex2118_scc_1_handoff_invariant,39,sec_ex21,scc_1,18,sec_handoff_invariant_control_basis_critical,False,True,True,True,0.5,9,,,,199.3287181854248,18,20,11,7,8,/Users/chenlong/WorkSpace/MCGS_Law/emnlp2026_discussion/component_ablation_runs/stage1_extra_long20_gpt4o_b60_ic4_cc4_20260711/results/39_sec_ex2118_scc_1_handoff_invariant__full-sa-mcgs-locked.json,long20,18,medium (12-18),sec_ex21,scc_1,sec_handoff_invariant_control_basis_critical,39
No critical-pair ledger/revisit,no-critical-pair-ledger-revisit,39_sec_ex2118_scc_1_handoff_invariant,39,sec_ex21,scc_1,11,sec_handoff_invariant_control_basis_critical,False,True,True,True,0.7272727272727273,3,60,60,118302,191.4739010334015,19,0,0,1,2,/Users/chenlong/WorkSpace/MCGS_Law/emnlp2026_discussion/component_ablation_runs/stage1_extra_long20_gpt4o_b60_ic4_cc4_20260711/results/39_sec_ex2118_scc_1_handoff_invariant__no-critical-pair-ledger-revisit.json,long20,18,medium (12-18),sec_ex21,scc_1,sec_handoff_invariant_control_basis_critical,39
No relation-first memory,no-relation-first-memory,39_sec_ex2118_scc_1_handoff_invariant,39,sec_ex21,scc_1,11,sec_handoff_invariant_control_basis_critical,False,True,True,True,0.5454545454545454,5,60,60,116078,215.88295078277588,0,31,1,1,7,/Users/chenlong/WorkSpace/MCGS_Law/emnlp2026_discussion/component_ablation_runs/stage1_extra_long20_gpt4o_b60_ic4_cc4_20260711/results/39_sec_ex2118_scc_1_handoff_invariant__no-relation-first-memory.json,long20,18,medium (12-18),sec_ex21,scc_1,sec_handoff_invariant_control_basis_critical,39
Random local-window selection,random-local-window-selection,39_sec_ex2118_scc_1_handoff_invariant,39,sec_ex21,scc_1,11,sec_handoff_invariant_control_basis_critical,False,True,True,False,0.5454545454545454,5,60,60,113012,115.97684001922607,0,30,4,10,39,/Users/chenlong/WorkSpace/MCGS_Law/emnlp2026_discussion/component_ablation_runs/stage1_extra_long20_gpt4o_b60_ic4_cc4_20260711/results/39_sec_ex2118_scc_1_handoff_invariant__random-local-window-selection.json,long20,18,medium (12-18),sec_ex21,scc_1,sec_handoff_invariant_control_basis_critical,39
Full SA-MCGS (locked main),full-sa-mcgs-locked,40_sec_ex2118_scc_7_temporal_gate,40,sec_ex21,scc_7,18,sec_temporal_quarter_close_gate_critical,False,True,True,True,0.5,9,,,,189.38780784606934,18,21,6,6,8,/Users/chenlong/WorkSpace/MCGS_Law/emnlp2026_discussion/component_ablation_runs/stage1_extra_long20_gpt4o_b60_ic4_cc4_20260711/results/40_sec_ex2118_scc_7_temporal_gate__full-sa-mcgs-locked.json,long20,18,medium (12-18),sec_ex21,scc_7,sec_temporal_quarter_close_gate_critical,40
No critical-pair ledger/revisit,no-critical-pair-ledger-revisit,40_sec_ex2118_scc_7_temporal_gate,40,sec_ex21,scc_7,12,sec_temporal_quarter_close_gate_critical,False,True,True,True,0.5833333333333333,5,60,60,100720,116.92543935775757,19,0,0,4,6,/Users/chenlong/WorkSpace/MCGS_Law/emnlp2026_discussion/component_ablation_runs/stage1_extra_long20_gpt4o_b60_ic4_cc4_20260711/results/40_sec_ex2118_scc_7_temporal_gate__no-critical-pair-ledger-revisit.json,long20,18,medium (12-18),sec_ex21,scc_7,sec_temporal_quarter_close_gate_critical,40
No relation-first memory,no-relation-first-memory,40_sec_ex2118_scc_7_temporal_gate,40,sec_ex21,scc_7,12,sec_temporal_quarter_close_gate_critical,False,True,True,True,0.5,6,59,59,93371,115.29314279556274,0,19,1,2,12,/Users/chenlong/WorkSpace/MCGS_Law/emnlp2026_discussion/component_ablation_runs/stage1_extra_long20_gpt4o_b60_ic4_cc4_20260711/results/40_sec_ex2118_scc_7_temporal_gate__no-relation-first-memory.json,long20,18,medium (12-18),sec_ex21,scc_7,sec_temporal_quarter_close_gate_critical,40
Random local-window selection,random-local-window-selection,40_sec_ex2118_scc_7_temporal_gate,40,sec_ex21,scc_7,12,sec_temporal_quarter_close_gate_critical,False,True,True,True,0.5,6,60,60,93441,113.23797130584717,0,21,0,1,2,/Users/chenlong/WorkSpace/MCGS_Law/emnlp2026_discussion/component_ablation_runs/stage1_extra_long20_gpt4o_b60_ic4_cc4_20260711/results/40_sec_ex2118_scc_7_temporal_gate__random-local-window-selection.json,long20,18,medium (12-18),sec_ex21,scc_7,sec_temporal_quarter_close_gate_critical,40
Full SA-MCGS (locked main),full-sa-mcgs-locked,41_cuad18_scc_6_condition_trigger,41,cuad,scc_6,18,cuad_condition_trigger_unconfirmed_exception_critical,False,True,True,True,0.5,9,,,,252.37758111953735,18,26,11,3,31,/Users/chenlong/WorkSpace/MCGS_Law/emnlp2026_discussion/component_ablation_runs/stage1_extra_midshort40_gpt4o_b60_ic4_cc4_20260711/results/41_cuad18_scc_6_condition_trigger__full-sa-mcgs-locked.json,midshort40,18,medium (12-18),cuad,scc_6,cuad_condition_trigger_unconfirmed_exception_critical,41
No critical-pair ledger/revisit,no-critical-pair-ledger-revisit,41_cuad18_scc_6_condition_trigger,41,cuad,scc_6,18,cuad_condition_trigger_unconfirmed_exception_critical,False,True,True,True,0.7222222222222222,5,60,65,273267,315.28068113327026,19,0,0,3,36,/Users/chenlong/WorkSpace/MCGS_Law/emnlp2026_discussion/component_ablation_runs/stage1_extra_midshort40_gpt4o_b60_ic4_cc4_20260711/results/41_cuad18_scc_6_condition_trigger__no-critical-pair-ledger-revisit.json,midshort40,18,medium (12-18),cuad,scc_6,cuad_condition_trigger_unconfirmed_exception_critical,41
No relation-first memory,no-relation-first-memory,41_cuad18_scc_6_condition_trigger,41,cuad,scc_6,18,cuad_condition_trigger_unconfirmed_exception_critical,False,True,True,True,0.5,9,60,71,314495,417.44251704216003,0,32,10,9,10,/Users/chenlong/WorkSpace/MCGS_Law/emnlp2026_discussion/component_ablation_runs/stage1_extra_midshort40_gpt4o_b60_ic4_cc4_20260711/results/41_cuad18_scc_6_condition_trigger__no-relation-first-memory.json,midshort40,18,medium (12-18),cuad,scc_6,cuad_condition_trigger_unconfirmed_exception_critical,41
Random local-window selection,random-local-window-selection,41_cuad18_scc_6_condition_trigger,41,cuad,scc_6,18,cuad_condition_trigger_unconfirmed_exception_critical,False,True,True,True,0.5,9,60,77,330640,445.2541489601135,0,30,9,4,14,/Users/chenlong/WorkSpace/MCGS_Law/emnlp2026_discussion/component_ablation_runs/stage1_extra_midshort40_gpt4o_b60_ic4_cc4_20260711/results/41_cuad18_scc_6_condition_trigger__random-local-window-selection.json,midshort40,18,medium (12-18),cuad,scc_6,cuad_condition_trigger_unconfirmed_exception_critical,41
Full SA-MCGS (locked main),full-sa-mcgs-locked,42_cuad18_scc_6_handoff_invariant,42,cuad,scc_6,18,cuad_handoff_invariant_payment_status_critical,False,True,True,True,0.5,9,,,,378.91031193733215,18,22,11,8,33,/Users/chenlong/WorkSpace/MCGS_Law/emnlp2026_discussion/component_ablation_runs/stage1_extra_midshort40_gpt4o_b60_ic4_cc4_20260711/results/42_cuad18_scc_6_handoff_invariant__full-sa-mcgs-locked.json,midshort40,18,medium (12-18),cuad,scc_6,cuad_handoff_invariant_payment_status_critical,42
No critical-pair ledger/revisit,no-critical-pair-ledger-revisit,42_cuad18_scc_6_handoff_invariant,42,cuad,scc_6,18,cuad_handoff_invariant_payment_status_critical,False,True,True,False,0.6666666666666667,6,60,66,295663,605.5783860683441,19,0,0,15,,/Users/chenlong/WorkSpace/MCGS_Law/emnlp2026_discussion/component_ablation_runs/stage1_extra_midshort40_gpt4o_b60_ic4_cc4_20260711/results/42_cuad18_scc_6_handoff_invariant__no-critical-pair-ledger-revisit.json,midshort40,18,medium (12-18),cuad,scc_6,cuad_handoff_invariant_payment_status_critical,42
No relation-first memory,no-relation-first-memory,42_cuad18_scc_6_handoff_invariant,42,cuad,scc_6,18,cuad_handoff_invariant_payment_status_critical,False,True,True,True,0.5,9,60,65,282407,280.6180558204651,0,29,16,4,6,/Users/chenlong/WorkSpace/MCGS_Law/emnlp2026_discussion/component_ablation_runs/stage1_extra_midshort40_gpt4o_b60_ic4_cc4_20260711/results/42_cuad18_scc_6_handoff_invariant__no-relation-first-memory.json,midshort40,18,medium (12-18),cuad,scc_6,cuad_handoff_invariant_payment_status_critical,42
Random local-window selection,random-local-window-selection,42_cuad18_scc_6_handoff_invariant,42,cuad,scc_6,18,cuad_handoff_invariant_payment_status_critical,False,True,True,True,0.5,9,60,68,289753,338.8379247188568,0,29,12,4,33,/Users/chenlong/WorkSpace/MCGS_Law/emnlp2026_discussion/component_ablation_runs/stage1_extra_midshort40_gpt4o_b60_ic4_cc4_20260711/results/42_cuad18_scc_6_handoff_invariant__random-local-window-selection.json,midshort40,18,medium (12-18),cuad,scc_6,cuad_handoff_invariant_payment_status_critical,42
Full SA-MCGS (locked main),full-sa-mcgs-locked,43_cuad18_scc_6_temporal_gate,43,cuad,scc_6,18,cuad_temporal_notice_receipt_gate_critical,False,True,True,True,0.5,9,,,,241.74254703521729,18,27,8,1,8,/Users/chenlong/WorkSpace/MCGS_Law/emnlp2026_discussion/component_ablation_runs/stage1_extra_midshort40_gpt4o_b60_ic4_cc4_20260711/results/43_cuad18_scc_6_temporal_gate__full-sa-mcgs-locked.json,midshort40,18,medium (12-18),cuad,scc_6,cuad_temporal_notice_receipt_gate_critical,43
No critical-pair ledger/revisit,no-critical-pair-ledger-revisit,43_cuad18_scc_6_temporal_gate,43,cuad,scc_6,18,cuad_temporal_notice_receipt_gate_critical,False,True,True,True,0.6111111111111112,7,60,69,319006,279.50157594680786,19,0,0,27,37,/Users/chenlong/WorkSpace/MCGS_Law/emnlp2026_discussion/component_ablation_runs/stage1_extra_midshort40_gpt4o_b60_ic4_cc4_20260711/results/43_cuad18_scc_6_temporal_gate__no-critical-pair-ledger-revisit.json,midshort40,18,medium (12-18),cuad,scc_6,cuad_temporal_notice_receipt_gate_critical,43
No relation-first memory,no-relation-first-memory,43_cuad18_scc_6_temporal_gate,43,cuad,scc_6,18,cuad_temporal_notice_receipt_gate_critical,False,True,True,True,0.5,9,60,70,312231,277.3103060722351,0,35,7,11,37,/Users/chenlong/WorkSpace/MCGS_Law/emnlp2026_discussion/component_ablation_runs/stage1_extra_midshort40_gpt4o_b60_ic4_cc4_20260711/results/43_cuad18_scc_6_temporal_gate__no-relation-first-memory.json,midshort40,18,medium (12-18),cuad,scc_6,cuad_temporal_notice_receipt_gate_critical,43
Random local-window selection,random-local-window-selection,43_cuad18_scc_6_temporal_gate,43,cuad,scc_6,18,cuad_temporal_notice_receipt_gate_critical,False,True,True,False,0.5,9,60,68,286916,256.7887270450592,0,33,12,2,2,/Users/chenlong/WorkSpace/MCGS_Law/emnlp2026_discussion/component_ablation_runs/stage1_extra_midshort40_gpt4o_b60_ic4_cc4_20260711/results/43_cuad18_scc_6_temporal_gate__random-local-window-selection.json,midshort40,18,medium (12-18),cuad,scc_6,cuad_temporal_notice_receipt_gate_critical,43
Full SA-MCGS (locked main),full-sa-mcgs-locked,44_sec_ex2118_scc_3_condition_trigger,44,sec_ex21,scc_3,18,sec_condition_trigger_unfiled_amendment_critical,False,True,True,True,0.5,9,,,,172.44178819656372,18,19,7,3,6,/Users/chenlong/WorkSpace/MCGS_Law/emnlp2026_discussion/component_ablation_runs/stage1_extra_midshort40_gpt4o_b60_ic4_cc4_20260711/results/44_sec_ex2118_scc_3_condition_trigger__full-sa-mcgs-locked.json,midshort40,18,medium (12-18),sec_ex21,scc_3,sec_condition_trigger_unfiled_amendment_critical,44
No critical-pair ledger/revisit,no-critical-pair-ledger-revisit,44_sec_ex2118_scc_3_condition_trigger,44,sec_ex21,scc_3,12,sec_condition_trigger_unfiled_amendment_critical,False,True,True,True,0.6666666666666667,4,55,55,82500,109.78624081611633,19,0,0,1,22,/Users/chenlong/WorkSpace/MCGS_Law/emnlp2026_discussion/component_ablation_runs/stage1_extra_midshort40_gpt4o_b60_ic4_cc4_20260711/results/44_sec_ex2118_scc_3_condition_trigger__no-critical-pair-ledger-revisit.json,midshort40,18,medium (12-18),sec_ex21,scc_3,sec_condition_trigger_unfiled_amendment_critical,44
No relation-first memory,no-relation-first-memory,44_sec_ex2118_scc_3_condition_trigger,44,sec_ex21,scc_3,12,sec_condition_trigger_unfiled_amendment_critical,False,True,True,True,0.5,6,55,55,77151,97.91381025314331,0,8,1,2,15,/Users/chenlong/WorkSpace/MCGS_Law/emnlp2026_discussion/component_ablation_runs/stage1_extra_midshort40_gpt4o_b60_ic4_cc4_20260711/results/44_sec_ex2118_scc_3_condition_trigger__no-relation-first-memory.json,midshort40,18,medium (12-18),sec_ex21,scc_3,sec_condition_trigger_unfiled_amendment_critical,44
Random local-window selection,random-local-window-selection,44_sec_ex2118_scc_3_condition_trigger,44,sec_ex21,scc_3,12,sec_condition_trigger_unfiled_amendment_critical,False,True,True,False,0.5,6,56,56,80710,116.68977499008179,0,14,0,3,7,/Users/chenlong/WorkSpace/MCGS_Law/emnlp2026_discussion/component_ablation_runs/stage1_extra_midshort40_gpt4o_b60_ic4_cc4_20260711/results/44_sec_ex2118_scc_3_condition_trigger__random-local-window-selection.json,midshort40,18,medium (12-18),sec_ex21,scc_3,sec_condition_trigger_unfiled_amendment_critical,44
Full SA-MCGS (locked main),full-sa-mcgs-locked,45_cuad17_scc_0_condition_trigger,45,cuad,scc_0,17,cuad_condition_trigger_unconfirmed_exception_critical,False,False,True,False,0.5294117647058824,8,,,,266.47658014297485,18,25,3,2,,/Users/chenlong/WorkSpace/MCGS_Law/emnlp2026_discussion/component_ablation_runs/stage1_extra_midshort40_gpt4o_b60_ic4_cc4_20260711/results/45_cuad17_scc_0_condition_trigger__full-sa-mcgs-locked.json,midshort40,17,medium (12-18),cuad,scc_0,cuad_condition_trigger_unconfirmed_exception_critical,45
No critical-pair ledger/revisit,no-critical-pair-ledger-revisit,45_cuad17_scc_0_condition_trigger,45,cuad,scc_0,17,cuad_condition_trigger_unconfirmed_exception_critical,False,False,True,False,0.5294117647058824,8,60,62,240159,199.39737915992737,19,0,0,2,,/Users/chenlong/WorkSpace/MCGS_Law/emnlp2026_discussion/component_ablation_runs/stage1_extra_midshort40_gpt4o_b60_ic4_cc4_20260711/results/45_cuad17_scc_0_condition_trigger__no-critical-pair-ledger-revisit.json,midshort40,17,medium (12-18),cuad,scc_0,cuad_condition_trigger_unconfirmed_exception_critical,45
No relation-first memory,no-relation-first-memory,45_cuad17_scc_0_condition_trigger,45,cuad,scc_0,17,cuad_condition_trigger_unconfirmed_exception_critical,False,True,True,True,0.5294117647058824,8,60,63,236839,218.3482949733734,0,30,5,1,32,/Users/chenlong/WorkSpace/MCGS_Law/emnlp2026_discussion/component_ablation_runs/stage1_extra_midshort40_gpt4o_b60_ic4_cc4_20260711/results/45_cuad17_scc_0_condition_trigger__no-relation-first-memory.json,midshort40,17,medium (12-18),cuad,scc_0,cuad_condition_trigger_unconfirmed_exception_critical,45
Random local-window selection,random-local-window-selection,45_cuad17_scc_0_condition_trigger,45,cuad,scc_0,17,cuad_condition_trigger_unconfirmed_exception_critical,False,True,True,True,0.5294117647058824,8,58,60,224433,192.6130130290985,0,28,4,16,,/Users/chenlong/WorkSpace/MCGS_Law/emnlp2026_discussion/component_ablation_runs/stage1_extra_midshort40_gpt4o_b60_ic4_cc4_20260711/results/45_cuad17_scc_0_condition_trigger__random-local-window-selection.json,midshort40,17,medium (12-18),cuad,scc_0,cuad_condition_trigger_unconfirmed_exception_critical,45
Full SA-MCGS (locked main),full-sa-mcgs-locked,46_cuad17_scc_0_handoff_invariant,46,cuad,scc_0,17,cuad_handoff_invariant_payment_status_critical,False,False,True,True,0.5294117647058824,8,,,,220.19032502174377,18,23,6,6,,/Users/chenlong/WorkSpace/MCGS_Law/emnlp2026_discussion/component_ablation_runs/stage1_extra_midshort40_gpt4o_b60_ic4_cc4_20260711/results/46_cuad17_scc_0_handoff_invariant__full-sa-mcgs-locked.json,midshort40,17,medium (12-18),cuad,scc_0,cuad_handoff_invariant_payment_status_critical,46
No critical-pair ledger/revisit,no-critical-pair-ledger-revisit,46_cuad17_scc_0_handoff_invariant,46,cuad,scc_0,17,cuad_handoff_invariant_payment_status_critical,False,False,True,False,0.6470588235294117,6,60,61,229539,201.26898193359375,19,0,0,2,,/Users/chenlong/WorkSpace/MCGS_Law/emnlp2026_discussion/component_ablation_runs/stage1_extra_midshort40_gpt4o_b60_ic4_cc4_20260711/results/46_cuad17_scc_0_handoff_invariant__no-critical-pair-ledger-revisit.json,midshort40,17,medium (12-18),cuad,scc_0,cuad_handoff_invariant_payment_status_critical,46
No relation-first memory,no-relation-first-memory,46_cuad17_scc_0_handoff_invariant,46,cuad,scc_0,17,cuad_handoff_invariant_payment_status_critical,False,False,True,True,0.5294117647058824,8,60,61,231521,176.01239013671875,0,25,8,2,,/Users/chenlong/WorkSpace/MCGS_Law/emnlp2026_discussion/component_ablation_runs/stage1_extra_midshort40_gpt4o_b60_ic4_cc4_20260711/results/46_cuad17_scc_0_handoff_invariant__no-relation-first-memory.json,midshort40,17,medium (12-18),cuad,scc_0,cuad_handoff_invariant_payment_status_critical,46
Random local-window selection,random-local-window-selection,46_cuad17_scc_0_handoff_invariant,46,cuad,scc_0,17,cuad_handoff_invariant_payment_status_critical,False,False,True,False,0.5294117647058824,8,60,60,225619,169.59266185760498,0,30,2,52,,/Users/chenlong/WorkSpace/MCGS_Law/emnlp2026_discussion/component_ablation_runs/stage1_extra_midshort40_gpt4o_b60_ic4_cc4_20260711/results/46_cuad17_scc_0_handoff_invariant__random-local-window-selection.json,midshort40,17,medium (12-18),cuad,scc_0,cuad_handoff_invariant_payment_status_critical,46
Full SA-MCGS (locked main),full-sa-mcgs-locked,47_cuad17_scc_0_temporal_gate,47,cuad,scc_0,17,cuad_temporal_notice_receipt_gate_critical,False,False,True,False,0.5294117647058824,8,,,,266.76408219337463,18,24,6,2,3,/Users/chenlong/WorkSpace/MCGS_Law/emnlp2026_discussion/component_ablation_runs/stage1_extra_midshort40_gpt4o_b60_ic4_cc4_20260711/results/47_cuad17_scc_0_temporal_gate__full-sa-mcgs-locked.json,midshort40,17,medium (12-18),cuad,scc_0,cuad_temporal_notice_receipt_gate_critical,47
No critical-pair ledger/revisit,no-critical-pair-ledger-revisit,47_cuad17_scc_0_temporal_gate,47,cuad,scc_0,17,cuad_temporal_notice_receipt_gate_critical,False,False,True,False,0.7058823529411764,5,60,60,233063,223.3452968597412,19,0,0,1,,/Users/chenlong/WorkSpace/MCGS_Law/emnlp2026_discussion/component_ablation_runs/stage1_extra_midshort40_gpt4o_b60_ic4_cc4_20260711/results/47_cuad17_scc_0_temporal_gate__no-critical-pair-ledger-revisit.json,midshort40,17,medium (12-18),cuad,scc_0,cuad_temporal_notice_receipt_gate_critical,47
No relation-first memory,no-relation-first-memory,47_cuad17_scc_0_temporal_gate,47,cuad,scc_0,17,cuad_temporal_notice_receipt_gate_critical,False,False,True,True,0.5294117647058824,8,60,62,233020,208.20950984954834,0,29,8,1,28,/Users/chenlong/WorkSpace/MCGS_Law/emnlp2026_discussion/component_ablation_runs/stage1_extra_midshort40_gpt4o_b60_ic4_cc4_20260711/results/47_cuad17_scc_0_temporal_gate__no-relation-first-memory.json,midshort40,17,medium (12-18),cuad,scc_0,cuad_temporal_notice_receipt_gate_critical,47
Random local-window selection,random-local-window-selection,47_cuad17_scc_0_temporal_gate,47,cuad,scc_0,17,cuad_temporal_notice_receipt_gate_critical,False,False,True,False,0.5294117647058824,8,60,62,229247,200.61412906646729,0,27,4,8,,/Users/chenlong/WorkSpace/MCGS_Law/emnlp2026_discussion/component_ablation_runs/stage1_extra_midshort40_gpt4o_b60_ic4_cc4_20260711/results/47_cuad17_scc_0_temporal_gate__random-local-window-selection.json,midshort40,17,medium (12-18),cuad,scc_0,cuad_temporal_notice_receipt_gate_critical,47
Full SA-MCGS (locked main),full-sa-mcgs-locked,48_cuad16_scc_23_condition_trigger,48,cuad,scc_23,16,cuad_condition_trigger_unconfirmed_exception_critical,False,True,True,True,0.5,8,,,,360.58802461624146,18,21,5,1,2,/Users/chenlong/WorkSpace/MCGS_Law/emnlp2026_discussion/component_ablation_runs/stage1_extra_midshort40_gpt4o_b60_ic4_cc4_20260711/results/48_cuad16_scc_23_condition_trigger__full-sa-mcgs-locked.json,midshort40,16,medium (12-18),cuad,scc_23,cuad_condition_trigger_unconfirmed_exception_critical,48
No critical-pair ledger/revisit,no-critical-pair-ledger-revisit,48_cuad16_scc_23_condition_trigger,48,cuad,scc_23,16,cuad_condition_trigger_unconfirmed_exception_critical,False,True,True,True,0.5625,7,54,58,255524,327.99491930007935,19,0,0,1,30,/Users/chenlong/WorkSpace/MCGS_Law/emnlp2026_discussion/component_ablation_runs/stage1_extra_midshort40_gpt4o_b60_ic4_cc4_20260711/results/48_cuad16_scc_23_condition_trigger__no-critical-pair-ledger-revisit.json,midshort40,16,medium (12-18),cuad,scc_23,cuad_condition_trigger_unconfirmed_exception_critical,48
No relation-first memory,no-relation-first-memory,48_cuad16_scc_23_condition_trigger,48,cuad,scc_23,16,cuad_condition_trigger_unconfirmed_exception_critical,False,True,True,True,0.5,8,60,63,280295,217.10069823265076,0,20,8,7,8,/Users/chenlong/WorkSpace/MCGS_Law/emnlp2026_discussion/component_ablation_runs/stage1_extra_midshort40_gpt4o_b60_ic4_cc4_20260711/results/48_cuad16_scc_23_condition_trigger__no-relation-first-memory.json,midshort40,16,medium (12-18),cuad,scc_23,cuad_condition_trigger_unconfirmed_exception_critical,48
Random local-window selection,random-local-window-selection,48_cuad16_scc_23_condition_trigger,48,cuad,scc_23,16,cuad_condition_trigger_unconfirmed_exception_critical,False,True,True,True,0.5,8,60,63,278685,303.81904220581055,0,25,3,1,2,/Users/chenlong/WorkSpace/MCGS_Law/emnlp2026_discussion/component_ablation_runs/stage1_extra_midshort40_gpt4o_b60_ic4_cc4_20260711/results/48_cuad16_scc_23_condition_trigger__random-local-window-selection.json,midshort40,16,medium (12-18),cuad,scc_23,cuad_condition_trigger_unconfirmed_exception_critical,48
Full SA-MCGS (locked main),full-sa-mcgs-locked,49_cuad16_scc_23_handoff_invariant,49,cuad,scc_23,16,cuad_handoff_invariant_payment_status_critical,False,True,True,True,0.5,8,,,,326.39883303642273,18,21,3,4,25,/Users/chenlong/WorkSpace/MCGS_Law/emnlp2026_discussion/component_ablation_runs/stage1_extra_midshort40_gpt4o_b60_ic4_cc4_20260711/results/49_cuad16_scc_23_handoff_invariant__full-sa-mcgs-locked.json,midshort40,16,medium (12-18),cuad,scc_23,cuad_handoff_invariant_payment_status_critical,49
No critical-pair ledger/revisit,no-critical-pair-ledger-revisit,49_cuad16_scc_23_handoff_invariant,49,cuad,scc_23,16,cuad_handoff_invariant_payment_status_critical,False,True,True,True,0.75,4,60,65,286317,321.32900500297546,19,0,0,2,8,/Users/chenlong/WorkSpace/MCGS_Law/emnlp2026_discussion/component_ablation_runs/stage1_extra_midshort40_gpt4o_b60_ic4_cc4_20260711/results/49_cuad16_scc_23_handoff_invariant__no-critical-pair-ledger-revisit.json,midshort40,16,medium (12-18),cuad,scc_23,cuad_handoff_invariant_payment_status_critical,49
No relation-first memory,no-relation-first-memory,49_cuad16_scc_23_handoff_invariant,49,cuad,scc_23,16,cuad_handoff_invariant_payment_status_critical,False,True,True,True,0.5,8,60,62,275036,305.21673107147217,0,22,4,1,7,/Users/chenlong/WorkSpace/MCGS_Law/emnlp2026_discussion/component_ablation_runs/stage1_extra_midshort40_gpt4o_b60_ic4_cc4_20260711/results/49_cuad16_scc_23_handoff_invariant__no-relation-first-memory.json,midshort40,16,medium (12-18),cuad,scc_23,cuad_handoff_invariant_payment_status_critical,49
Random local-window selection,random-local-window-selection,49_cuad16_scc_23_handoff_invariant,49,cuad,scc_23,16,cuad_handoff_invariant_payment_status_critical,False,True,True,True,0.5,8,60,64,276566,222.96077394485474,0,26,4,3,6,/Users/chenlong/WorkSpace/MCGS_Law/emnlp2026_discussion/component_ablation_runs/stage1_extra_midshort40_gpt4o_b60_ic4_cc4_20260711/results/49_cuad16_scc_23_handoff_invariant__random-local-window-selection.json,midshort40,16,medium (12-18),cuad,scc_23,cuad_handoff_invariant_payment_status_critical,49
Full SA-MCGS (locked main),full-sa-mcgs-locked,50_cuad16_scc_23_temporal_gate,50,cuad,scc_23,16,cuad_temporal_notice_receipt_gate_critical,False,True,True,True,0.5,8,,,,278.9860911369324,18,24,2,2,5,/Users/chenlong/WorkSpace/MCGS_Law/emnlp2026_discussion/component_ablation_runs/stage1_extra_midshort40_gpt4o_b60_ic4_cc4_20260711/results/50_cuad16_scc_23_temporal_gate__full-sa-mcgs-locked.json,midshort40,16,medium (12-18),cuad,scc_23,cuad_temporal_notice_receipt_gate_critical,50
No critical-pair ledger/revisit,no-critical-pair-ledger-revisit,50_cuad16_scc_23_temporal_gate,50,cuad,scc_23,16,cuad_temporal_notice_receipt_gate_critical,False,True,True,True,0.6875,5,57,63,289299,287.4090030193329,19,0,0,5,25,/Users/chenlong/WorkSpace/MCGS_Law/emnlp2026_discussion/component_ablation_runs/stage1_extra_midshort40_gpt4o_b60_ic4_cc4_20260711/results/50_cuad16_scc_23_temporal_gate__no-critical-pair-ledger-revisit.json,midshort40,16,medium (12-18),cuad,scc_23,cuad_temporal_notice_receipt_gate_critical,50
No relation-first memory,no-relation-first-memory,50_cuad16_scc_23_temporal_gate,50,cuad,scc_23,16,cuad_temporal_notice_receipt_gate_critical,False,True,True,True,0.5,8,60,61,263910,189.1289930343628,0,24,1,7,9,/Users/chenlong/WorkSpace/MCGS_Law/emnlp2026_discussion/component_ablation_runs/stage1_extra_midshort40_gpt4o_b60_ic4_cc4_20260711/results/50_cuad16_scc_23_temporal_gate__no-relation-first-memory.json,midshort40,16,medium (12-18),cuad,scc_23,cuad_temporal_notice_receipt_gate_critical,50
Random local-window selection,random-local-window-selection,50_cuad16_scc_23_temporal_gate,50,cuad,scc_23,16,cuad_temporal_notice_receipt_gate_critical,False,True,True,True,0.5,8,60,62,262562,291.0400700569153,0,24,2,1,2,/Users/chenlong/WorkSpace/MCGS_Law/emnlp2026_discussion/component_ablation_runs/stage1_extra_midshort40_gpt4o_b60_ic4_cc4_20260711/results/50_cuad16_scc_23_temporal_gate__random-local-window-selection.json,midshort40,16,medium (12-18),cuad,scc_23,cuad_temporal_notice_receipt_gate_critical,50
Full SA-MCGS (locked main),full-sa-mcgs-locked,51_cuad14_scc_8_condition_trigger,51,cuad,scc_8,14,cuad_condition_trigger_unconfirmed_exception_critical,False,True,True,True,0.5,7,,,,295.4224200248718,18,20,3,1,19,/Users/chenlong/WorkSpace/MCGS_Law/emnlp2026_discussion/component_ablation_runs/stage1_extra_midshort40_gpt4o_b60_ic4_cc4_20260711/results/51_cuad14_scc_8_condition_trigger__full-sa-mcgs-locked.json,midshort40,14,medium (12-18),cuad,scc_8,cuad_condition_trigger_unconfirmed_exception_critical,51
No critical-pair ledger/revisit,no-critical-pair-ledger-revisit,51_cuad14_scc_8_condition_trigger,51,cuad,scc_8,14,cuad_condition_trigger_unconfirmed_exception_critical,False,True,True,True,0.7857142857142857,3,60,62,248740,279.2137577533722,19,0,0,2,24,/Users/chenlong/WorkSpace/MCGS_Law/emnlp2026_discussion/component_ablation_runs/stage1_extra_midshort40_gpt4o_b60_ic4_cc4_20260711/results/51_cuad14_scc_8_condition_trigger__no-critical-pair-ledger-revisit.json,midshort40,14,medium (12-18),cuad,scc_8,cuad_condition_trigger_unconfirmed_exception_critical,51
No relation-first memory,no-relation-first-memory,51_cuad14_scc_8_condition_trigger,51,cuad,scc_8,14,cuad_condition_trigger_unconfirmed_exception_critical,False,True,True,False,0.5,7,60,62,245019,300.7595388889313,0,28,3,5,7,/Users/chenlong/WorkSpace/MCGS_Law/emnlp2026_discussion/component_ablation_runs/stage1_extra_midshort40_gpt4o_b60_ic4_cc4_20260711/results/51_cuad14_scc_8_condition_trigger__no-relation-first-memory.json,midshort40,14,medium (12-18),cuad,scc_8,cuad_condition_trigger_unconfirmed_exception_critical,51
Random local-window selection,random-local-window-selection,51_cuad14_scc_8_condition_trigger,51,cuad,scc_8,14,cuad_condition_trigger_unconfirmed_exception_critical,False,True,True,True,0.5,7,60,61,235092,211.72475695610046,0,24,5,1,5,/Users/chenlong/WorkSpace/MCGS_Law/emnlp2026_discussion/component_ablation_runs/stage1_extra_midshort40_gpt4o_b60_ic4_cc4_20260711/results/51_cuad14_scc_8_condition_trigger__random-local-window-selection.json,midshort40,14,medium (12-18),cuad,scc_8,cuad_condition_trigger_unconfirmed_exception_critical,51
Full SA-MCGS (locked main),full-sa-mcgs-locked,52_cuad14_scc_8_handoff_invariant,52,cuad,scc_8,14,cuad_handoff_invariant_payment_status_critical,False,True,True,False,0.5,7,,,,375.4743287563324,18,21,5,1,18,/Users/chenlong/WorkSpace/MCGS_Law/emnlp2026_discussion/component_ablation_runs/stage1_extra_midshort40_gpt4o_b60_ic4_cc4_20260711/results/52_cuad14_scc_8_handoff_invariant__full-sa-mcgs-locked.json,midshort40,14,medium (12-18),cuad,scc_8,cuad_handoff_invariant_payment_status_critical,52
No critical-pair ledger/revisit,no-critical-pair-ledger-revisit,52_cuad14_scc_8_handoff_invariant,52,cuad,scc_8,14,cuad_handoff_invariant_payment_status_critical,False,True,True,True,0.7142857142857143,4,59,61,247086,204.50937914848328,19,0,0,3,4,/Users/chenlong/WorkSpace/MCGS_Law/emnlp2026_discussion/component_ablation_runs/stage1_extra_midshort40_gpt4o_b60_ic4_cc4_20260711/results/52_cuad14_scc_8_handoff_invariant__no-critical-pair-ledger-revisit.json,midshort40,14,medium (12-18),cuad,scc_8,cuad_handoff_invariant_payment_status_critical,52
No relation-first memory,no-relation-first-memory,52_cuad14_scc_8_handoff_invariant,52,cuad,scc_8,14,cuad_handoff_invariant_payment_status_critical,False,True,True,True,0.5,7,60,62,240845,200.1032998561859,0,30,1,1,4,/Users/chenlong/WorkSpace/MCGS_Law/emnlp2026_discussion/component_ablation_runs/stage1_extra_midshort40_gpt4o_b60_ic4_cc4_20260711/results/52_cuad14_scc_8_handoff_invariant__no-relation-first-memory.json,midshort40,14,medium (12-18),cuad,scc_8,cuad_handoff_invariant_payment_status_critical,52
Random local-window selection,random-local-window-selection,52_cuad14_scc_8_handoff_invariant,52,cuad,scc_8,14,cuad_handoff_invariant_payment_status_critical,False,True,True,True,0.5,7,60,63,242106,204.11668300628662,0,26,3,1,5,/Users/chenlong/WorkSpace/MCGS_Law/emnlp2026_discussion/component_ablation_runs/stage1_extra_midshort40_gpt4o_b60_ic4_cc4_20260711/results/52_cuad14_scc_8_handoff_invariant__random-local-window-selection.json,midshort40,14,medium (12-18),cuad,scc_8,cuad_handoff_invariant_payment_status_critical,52
Full SA-MCGS (locked main),full-sa-mcgs-locked,53_cuad14_scc_8_temporal_gate,53,cuad,scc_8,14,cuad_temporal_notice_receipt_gate_critical,False,True,True,True,0.5,7,,,,342.64556407928467,18,21,3,1,,/Users/chenlong/WorkSpace/MCGS_Law/emnlp2026_discussion/component_ablation_runs/stage1_extra_midshort40_gpt4o_b60_ic4_cc4_20260711/results/53_cuad14_scc_8_temporal_gate__full-sa-mcgs-locked.json,midshort40,14,medium (12-18),cuad,scc_8,cuad_temporal_notice_receipt_gate_critical,53
No critical-pair ledger/revisit,no-critical-pair-ledger-revisit,53_cuad14_scc_8_temporal_gate,53,cuad,scc_8,14,cuad_temporal_notice_receipt_gate_critical,False,True,True,True,0.6428571428571428,5,60,63,246509,273.38959097862244,19,0,0,2,3,/Users/chenlong/WorkSpace/MCGS_Law/emnlp2026_discussion/component_ablation_runs/stage1_extra_midshort40_gpt4o_b60_ic4_cc4_20260711/results/53_cuad14_scc_8_temporal_gate__no-critical-pair-ledger-revisit.json,midshort40,14,medium (12-18),cuad,scc_8,cuad_temporal_notice_receipt_gate_critical,53
No relation-first memory,no-relation-first-memory,53_cuad14_scc_8_temporal_gate,53,cuad,scc_8,14,cuad_temporal_notice_receipt_gate_critical,False,True,True,True,0.5,7,60,67,264072,293.49936294555664,0,26,3,2,24,/Users/chenlong/WorkSpace/MCGS_Law/emnlp2026_discussion/component_ablation_runs/stage1_extra_midshort40_gpt4o_b60_ic4_cc4_20260711/results/53_cuad14_scc_8_temporal_gate__no-relation-first-memory.json,midshort40,14,medium (12-18),cuad,scc_8,cuad_temporal_notice_receipt_gate_critical,53
Random local-window selection,random-local-window-selection,53_cuad14_scc_8_temporal_gate,53,cuad,scc_8,14,cuad_temporal_notice_receipt_gate_critical,False,True,True,True,0.5,7,60,67,262150,252.16473412513733,0,28,2,1,4,/Users/chenlong/WorkSpace/MCGS_Law/emnlp2026_discussion/component_ablation_runs/stage1_extra_midshort40_gpt4o_b60_ic4_cc4_20260711/results/53_cuad14_scc_8_temporal_gate__random-local-window-selection.json,midshort40,14,medium (12-18),cuad,scc_8,cuad_temporal_notice_receipt_gate_critical,53
Full SA-MCGS (locked main),full-sa-mcgs-locked,54_cuad12_scc_50_condition_trigger,54,cuad,scc_50,12,cuad_condition_trigger_unconfirmed_exception_critical,False,True,True,True,0.5,6,,,,276.41252398490906,18,18,3,3,4,/Users/chenlong/WorkSpace/MCGS_Law/emnlp2026_discussion/component_ablation_runs/stage1_extra_midshort40_gpt4o_b60_ic4_cc4_20260711/results/54_cuad12_scc_50_condition_trigger__full-sa-mcgs-locked.json,midshort40,12,medium (12-18),cuad,scc_50,cuad_condition_trigger_unconfirmed_exception_critical,54
No critical-pair ledger/revisit,no-critical-pair-ledger-revisit,54_cuad12_scc_50_condition_trigger,54,cuad,scc_50,12,cuad_condition_trigger_unconfirmed_exception_critical,False,True,True,True,0.6666666666666667,4,60,61,248046,188.75454092025757,19,0,0,1,2,/Users/chenlong/WorkSpace/MCGS_Law/emnlp2026_discussion/component_ablation_runs/stage1_extra_midshort40_gpt4o_b60_ic4_cc4_20260711/results/54_cuad12_scc_50_condition_trigger__no-critical-pair-ledger-revisit.json,midshort40,12,medium (12-18),cuad,scc_50,cuad_condition_trigger_unconfirmed_exception_critical,54
No relation-first memory,no-relation-first-memory,54_cuad12_scc_50_condition_trigger,54,cuad,scc_50,12,cuad_condition_trigger_unconfirmed_exception_critical,False,True,True,True,0.5,6,60,62,246146,200.56926012039185,0,21,4,2,3,/Users/chenlong/WorkSpace/MCGS_Law/emnlp2026_discussion/component_ablation_runs/stage1_extra_midshort40_gpt4o_b60_ic4_cc4_20260711/results/54_cuad12_scc_50_condition_trigger__no-relation-first-memory.json,midshort40,12,medium (12-18),cuad,scc_50,cuad_condition_trigger_unconfirmed_exception_critical,54
Random local-window selection,random-local-window-selection,54_cuad12_scc_50_condition_trigger,54,cuad,scc_50,12,cuad_condition_trigger_unconfirmed_exception_critical,False,True,True,True,0.5,6,60,62,228813,186.18279123306274,0,21,3,1,4,/Users/chenlong/WorkSpace/MCGS_Law/emnlp2026_discussion/component_ablation_runs/stage1_extra_midshort40_gpt4o_b60_ic4_cc4_20260711/results/54_cuad12_scc_50_condition_trigger__random-local-window-selection.json,midshort40,12,medium (12-18),cuad,scc_50,cuad_condition_trigger_unconfirmed_exception_critical,54
Full SA-MCGS (locked main),full-sa-mcgs-locked,55_cuad12_scc_50_handoff_invariant,55,cuad,scc_50,12,cuad_handoff_invariant_payment_status_critical,False,True,True,True,0.5,6,,,,298.76992106437683,18,16,3,3,4,/Users/chenlong/WorkSpace/MCGS_Law/emnlp2026_discussion/component_ablation_runs/stage1_extra_midshort40_gpt4o_b60_ic4_cc4_20260711/results/55_cuad12_scc_50_handoff_invariant__full-sa-mcgs-locked.json,midshort40,12,medium (12-18),cuad,scc_50,cuad_handoff_invariant_payment_status_critical,55
No critical-pair ledger/revisit,no-critical-pair-ledger-revisit,55_cuad12_scc_50_handoff_invariant,55,cuad,scc_50,12,cuad_handoff_invariant_payment_status_critical,False,True,True,True,0.6666666666666667,4,60,62,249860,282.2487690448761,19,0,0,2,3,/Users/chenlong/WorkSpace/MCGS_Law/emnlp2026_discussion/component_ablation_runs/stage1_extra_midshort40_gpt4o_b60_ic4_cc4_20260711/results/55_cuad12_scc_50_handoff_invariant__no-critical-pair-ledger-revisit.json,midshort40,12,medium (12-18),cuad,scc_50,cuad_handoff_invariant_payment_status_critical,55
No relation-first memory,no-relation-first-memory,55_cuad12_scc_50_handoff_invariant,55,cuad,scc_50,12,cuad_handoff_invariant_payment_status_critical,False,True,True,True,0.5,6,59,63,247615,201.7649438381195,0,19,1,1,2,/Users/chenlong/WorkSpace/MCGS_Law/emnlp2026_discussion/component_ablation_runs/stage1_extra_midshort40_gpt4o_b60_ic4_cc4_20260711/results/55_cuad12_scc_50_handoff_invariant__no-relation-first-memory.json,midshort40,12,medium (12-18),cuad,scc_50,cuad_handoff_invariant_payment_status_critical,55
Random local-window selection,random-local-window-selection,55_cuad12_scc_50_handoff_invariant,55,cuad,scc_50,12,cuad_handoff_invariant_payment_status_critical,False,True,True,True,0.5,6,60,62,231573,186.81255316734314,0,23,2,1,16,/Users/chenlong/WorkSpace/MCGS_Law/emnlp2026_discussion/component_ablation_runs/stage1_extra_midshort40_gpt4o_b60_ic4_cc4_20260711/results/55_cuad12_scc_50_handoff_invariant__random-local-window-selection.json,midshort40,12,medium (12-18),cuad,scc_50,cuad_handoff_invariant_payment_status_critical,55
Full SA-MCGS (locked main),full-sa-mcgs-locked,56_cuad12_scc_50_temporal_gate,56,cuad,scc_50,12,cuad_temporal_notice_receipt_gate_critical,False,True,True,True,0.5,6,,,,296.7170157432556,18,18,3,2,4,/Users/chenlong/WorkSpace/MCGS_Law/emnlp2026_discussion/component_ablation_runs/stage1_extra_midshort40_gpt4o_b60_ic4_cc4_20260711/results/56_cuad12_scc_50_temporal_gate__full-sa-mcgs-locked.json,midshort40,12,medium (12-18),cuad,scc_50,cuad_temporal_notice_receipt_gate_critical,56
No critical-pair ledger/revisit,no-critical-pair-ledger-revisit,56_cuad12_scc_50_temporal_gate,56,cuad,scc_50,12,cuad_temporal_notice_receipt_gate_critical,False,True,True,True,0.75,3,60,70,288465,274.83123087882996,19,0,0,1,25,/Users/chenlong/WorkSpace/MCGS_Law/emnlp2026_discussion/component_ablation_runs/stage1_extra_midshort40_gpt4o_b60_ic4_cc4_20260711/results/56_cuad12_scc_50_temporal_gate__no-critical-pair-ledger-revisit.json,midshort40,12,medium (12-18),cuad,scc_50,cuad_temporal_notice_receipt_gate_critical,56
No relation-first memory,no-relation-first-memory,56_cuad12_scc_50_temporal_gate,56,cuad,scc_50,12,cuad_temporal_notice_receipt_gate_critical,False,True,True,True,0.5,6,60,65,259503,299.43740797042847,0,18,3,1,8,/Users/chenlong/WorkSpace/MCGS_Law/emnlp2026_discussion/component_ablation_runs/stage1_extra_midshort40_gpt4o_b60_ic4_cc4_20260711/results/56_cuad12_scc_50_temporal_gate__no-relation-first-memory.json,midshort40,12,medium (12-18),cuad,scc_50,cuad_temporal_notice_receipt_gate_critical,56
Random local-window selection,random-local-window-selection,56_cuad12_scc_50_temporal_gate,56,cuad,scc_50,12,cuad_temporal_notice_receipt_gate_critical,False,True,True,True,0.5,6,60,60,217993,172.73688292503357,0,20,3,2,24,/Users/chenlong/WorkSpace/MCGS_Law/emnlp2026_discussion/component_ablation_runs/stage1_extra_midshort40_gpt4o_b60_ic4_cc4_20260711/results/56_cuad12_scc_50_temporal_gate__random-local-window-selection.json,midshort40,12,medium (12-18),cuad,scc_50,cuad_temporal_notice_receipt_gate_critical,56
Full SA-MCGS (locked main),full-sa-mcgs-locked,57_debian12_scc_8_condition_trigger,57,debian,scc_8,12,debian_condition_trigger_partial_compatibility_critical,False,True,True,True,0.5,6,,,,161.93305087089539,18,17,2,7,44,/Users/chenlong/WorkSpace/MCGS_Law/emnlp2026_discussion/component_ablation_runs/stage1_extra_midshort40_gpt4o_b60_ic4_cc4_20260711/results/57_debian12_scc_8_condition_trigger__full-sa-mcgs-locked.json,midshort40,12,medium (12-18),debian,scc_8,debian_condition_trigger_partial_compatibility_critical,57
No critical-pair ledger/revisit,no-critical-pair-ledger-revisit,57_debian12_scc_8_condition_trigger,57,debian,scc_8,12,debian_condition_trigger_partial_compatibility_critical,False,True,True,True,0.75,3,59,59,145567,257.8881690502167,19,0,0,1,10,/Users/chenlong/WorkSpace/MCGS_Law/emnlp2026_discussion/component_ablation_runs/stage1_extra_midshort40_gpt4o_b60_ic4_cc4_20260711/results/57_debian12_scc_8_condition_trigger__no-critical-pair-ledger-revisit.json,midshort40,12,medium (12-18),debian,scc_8,debian_condition_trigger_partial_compatibility_critical,57
No relation-first memory,no-relation-first-memory,57_debian12_scc_8_condition_trigger,57,debian,scc_8,12,debian_condition_trigger_partial_compatibility_critical,False,True,True,True,0.5,6,54,54,126619,110.77935481071472,0,17,5,2,2,/Users/chenlong/WorkSpace/MCGS_Law/emnlp2026_discussion/component_ablation_runs/stage1_extra_midshort40_gpt4o_b60_ic4_cc4_20260711/results/57_debian12_scc_8_condition_trigger__no-relation-first-memory.json,midshort40,12,medium (12-18),debian,scc_8,debian_condition_trigger_partial_compatibility_critical,57
Random local-window selection,random-local-window-selection,57_debian12_scc_8_condition_trigger,57,debian,scc_8,12,debian_condition_trigger_partial_compatibility_critical,False,True,True,True,0.5,6,55,55,130595,230.79438710212708,0,20,3,2,2,/Users/chenlong/WorkSpace/MCGS_Law/emnlp2026_discussion/component_ablation_runs/stage1_extra_midshort40_gpt4o_b60_ic4_cc4_20260711/results/57_debian12_scc_8_condition_trigger__random-local-window-selection.json,midshort40,12,medium (12-18),debian,scc_8,debian_condition_trigger_partial_compatibility_critical,57
Full SA-MCGS (locked main),full-sa-mcgs-locked,58_debian12_scc_8_handoff_invariant,58,debian,scc_8,12,debian_handoff_invariant_abi_class_critical,False,True,True,True,0.5,6,,,,157.3218810558319,18,12,2,1,7,/Users/chenlong/WorkSpace/MCGS_Law/emnlp2026_discussion/component_ablation_runs/stage1_extra_midshort40_gpt4o_b60_ic4_cc4_20260711/results/58_debian12_scc_8_handoff_invariant__full-sa-mcgs-locked.json,midshort40,12,medium (12-18),debian,scc_8,debian_handoff_invariant_abi_class_critical,58
No critical-pair ledger/revisit,no-critical-pair-ledger-revisit,58_debian12_scc_8_handoff_invariant,58,debian,scc_8,12,debian_handoff_invariant_abi_class_critical,False,True,True,True,0.75,3,60,60,147211,218.8718559741974,19,0,0,2,2,/Users/chenlong/WorkSpace/MCGS_Law/emnlp2026_discussion/component_ablation_runs/stage1_extra_midshort40_gpt4o_b60_ic4_cc4_20260711/results/58_debian12_scc_8_handoff_invariant__no-critical-pair-ledger-revisit.json,midshort40,12,medium (12-18),debian,scc_8,debian_handoff_invariant_abi_class_critical,58
No relation-first memory,no-relation-first-memory,58_debian12_scc_8_handoff_invariant,58,debian,scc_8,12,debian_handoff_invariant_abi_class_critical,False,True,True,True,0.5,6,57,57,131681,230.48831701278687,0,10,3,3,3,/Users/chenlong/WorkSpace/MCGS_Law/emnlp2026_discussion/component_ablation_runs/stage1_extra_midshort40_gpt4o_b60_ic4_cc4_20260711/results/58_debian12_scc_8_handoff_invariant__no-relation-first-memory.json,midshort40,12,medium (12-18),debian,scc_8,debian_handoff_invariant_abi_class_critical,58
Random local-window selection,random-local-window-selection,58_debian12_scc_8_handoff_invariant,58,debian,scc_8,12,debian_handoff_invariant_abi_class_critical,False,True,True,True,0.5,6,55,55,126936,114.80135083198547,0,13,5,3,3,/Users/chenlong/WorkSpace/MCGS_Law/emnlp2026_discussion/component_ablation_runs/stage1_extra_midshort40_gpt4o_b60_ic4_cc4_20260711/results/58_debian12_scc_8_handoff_invariant__random-local-window-selection.json,midshort40,12,medium (12-18),debian,scc_8,debian_handoff_invariant_abi_class_critical,58
Full SA-MCGS (locked main),full-sa-mcgs-locked,59_debian12_scc_8_temporal_gate,59,debian,scc_8,12,debian_temporal_receipt_gate_critical,False,True,True,True,0.5,6,,,,179.09507584571838,18,11,3,3,4,/Users/chenlong/WorkSpace/MCGS_Law/emnlp2026_discussion/component_ablation_runs/stage1_extra_midshort40_gpt4o_b60_ic4_cc4_20260711/results/59_debian12_scc_8_temporal_gate__full-sa-mcgs-locked.json,midshort40,12,medium (12-18),debian,scc_8,debian_temporal_receipt_gate_critical,59
No critical-pair ledger/revisit,no-critical-pair-ledger-revisit,59_debian12_scc_8_temporal_gate,59,debian,scc_8,12,debian_temporal_receipt_gate_critical,False,True,True,True,0.75,3,55,55,135746,120.14502501487732,19,0,0,1,4,/Users/chenlong/WorkSpace/MCGS_Law/emnlp2026_discussion/component_ablation_runs/stage1_extra_midshort40_gpt4o_b60_ic4_cc4_20260711/results/59_debian12_scc_8_temporal_gate__no-critical-pair-ledger-revisit.json,midshort40,12,medium (12-18),debian,scc_8,debian_temporal_receipt_gate_critical,59
No relation-first memory,no-relation-first-memory,59_debian12_scc_8_temporal_gate,59,debian,scc_8,12,debian_temporal_receipt_gate_critical,False,True,True,True,0.5,6,57,57,137438,128.7756049633026,0,17,6,3,3,/Users/chenlong/WorkSpace/MCGS_Law/emnlp2026_discussion/component_ablation_runs/stage1_extra_midshort40_gpt4o_b60_ic4_cc4_20260711/results/59_debian12_scc_8_temporal_gate__no-relation-first-memory.json,midshort40,12,medium (12-18),debian,scc_8,debian_temporal_receipt_gate_critical,59
Random local-window selection,random-local-window-selection,59_debian12_scc_8_temporal_gate,59,debian,scc_8,12,debian_temporal_receipt_gate_critical,False,True,True,True,0.5,6,57,57,133281,136.21603298187256,0,17,2,2,2,/Users/chenlong/WorkSpace/MCGS_Law/emnlp2026_discussion/component_ablation_runs/stage1_extra_midshort40_gpt4o_b60_ic4_cc4_20260711/results/59_debian12_scc_8_temporal_gate__random-local-window-selection.json,midshort40,12,medium (12-18),debian,scc_8,debian_temporal_receipt_gate_critical,59
Full SA-MCGS (locked main),full-sa-mcgs-locked,60_sec_ex2112_scc_2_condition_trigger,60,sec_ex21,scc_2,12,sec_condition_trigger_unfiled_amendment_critical,False,True,True,True,0.5,6,,,,188.22842502593994,18,20,0,2,2,/Users/chenlong/WorkSpace/MCGS_Law/emnlp2026_discussion/component_ablation_runs/stage1_extra_midshort40_gpt4o_b60_ic4_cc4_20260711/results/60_sec_ex2112_scc_2_condition_trigger__full-sa-mcgs-locked.json,midshort40,12,medium (12-18),sec_ex21,scc_2,sec_condition_trigger_unfiled_amendment_critical,60
No critical-pair ledger/revisit,no-critical-pair-ledger-revisit,60_sec_ex2112_scc_2_condition_trigger,60,sec_ex21,scc_2,11,sec_condition_trigger_unfiled_amendment_critical,False,True,True,True,0.7272727272727273,3,60,60,122449,136.7795169353485,19,0,0,1,8,/Users/chenlong/WorkSpace/MCGS_Law/emnlp2026_discussion/component_ablation_runs/stage1_extra_midshort40_gpt4o_b60_ic4_cc4_20260711/results/60_sec_ex2112_scc_2_condition_trigger__no-critical-pair-ledger-revisit.json,midshort40,12,medium (12-18),sec_ex21,scc_2,sec_condition_trigger_unfiled_amendment_critical,60
No relation-first memory,no-relation-first-memory,60_sec_ex2112_scc_2_condition_trigger,60,sec_ex21,scc_2,11,sec_condition_trigger_unfiled_amendment_critical,False,True,True,True,0.5454545454545454,5,60,60,119857,124.66057085990906,0,32,2,1,3,/Users/chenlong/WorkSpace/MCGS_Law/emnlp2026_discussion/component_ablation_runs/stage1_extra_midshort40_gpt4o_b60_ic4_cc4_20260711/results/60_sec_ex2112_scc_2_condition_trigger__no-relation-first-memory.json,midshort40,12,medium (12-18),sec_ex21,scc_2,sec_condition_trigger_unfiled_amendment_critical,60
Random local-window selection,random-local-window-selection,60_sec_ex2112_scc_2_condition_trigger,60,sec_ex21,scc_2,11,sec_condition_trigger_unfiled_amendment_critical,False,True,True,False,0.5454545454545454,5,60,61,120147,135.52849578857422,0,28,4,1,2,/Users/chenlong/WorkSpace/MCGS_Law/emnlp2026_discussion/component_ablation_runs/stage1_extra_midshort40_gpt4o_b60_ic4_cc4_20260711/results/60_sec_ex2112_scc_2_condition_trigger__random-local-window-selection.json,midshort40,12,medium (12-18),sec_ex21,scc_2,sec_condition_trigger_unfiled_amendment_critical,60
Full SA-MCGS (locked main),full-sa-mcgs-locked,61_sec_ex2112_scc_4_handoff_invariant,61,sec_ex21,scc_4,12,sec_handoff_invariant_control_basis_critical,False,True,True,True,0.5,6,,,,194.88145780563354,18,16,2,4,4,/Users/chenlong/WorkSpace/MCGS_Law/emnlp2026_discussion/component_ablation_runs/stage1_extra_midshort40_gpt4o_b60_ic4_cc4_20260711/results/61_sec_ex2112_scc_4_handoff_invariant__full-sa-mcgs-locked.json,midshort40,12,medium (12-18),sec_ex21,scc_4,sec_handoff_invariant_control_basis_critical,61
No critical-pair ledger/revisit,no-critical-pair-ledger-revisit,61_sec_ex2112_scc_4_handoff_invariant,61,sec_ex21,scc_4,12,sec_handoff_invariant_control_basis_critical,False,True,True,True,0.8333333333333334,2,60,60,96406,108.98239016532898,19,0,0,4,14,/Users/chenlong/WorkSpace/MCGS_Law/emnlp2026_discussion/component_ablation_runs/stage1_extra_midshort40_gpt4o_b60_ic4_cc4_20260711/results/61_sec_ex2112_scc_4_handoff_invariant__no-critical-pair-ledger-revisit.json,midshort40,12,medium (12-18),sec_ex21,scc_4,sec_handoff_invariant_control_basis_critical,61
No relation-first memory,no-relation-first-memory,61_sec_ex2112_scc_4_handoff_invariant,61,sec_ex21,scc_4,12,sec_handoff_invariant_control_basis_critical,False,True,True,True,0.5,6,59,59,95023,115.8185522556305,0,20,1,2,10,/Users/chenlong/WorkSpace/MCGS_Law/emnlp2026_discussion/component_ablation_runs/stage1_extra_midshort40_gpt4o_b60_ic4_cc4_20260711/results/61_sec_ex2112_scc_4_handoff_invariant__no-relation-first-memory.json,midshort40,12,medium (12-18),sec_ex21,scc_4,sec_handoff_invariant_control_basis_critical,61
Random local-window selection,random-local-window-selection,61_sec_ex2112_scc_4_handoff_invariant,61,sec_ex21,scc_4,12,sec_handoff_invariant_control_basis_critical,False,True,True,True,0.5,6,54,54,83567,114.81819987297058,0,22,0,4,7,/Users/chenlong/WorkSpace/MCGS_Law/emnlp2026_discussion/component_ablation_runs/stage1_extra_midshort40_gpt4o_b60_ic4_cc4_20260711/results/61_sec_ex2112_scc_4_handoff_invariant__random-local-window-selection.json,midshort40,12,medium (12-18),sec_ex21,scc_4,sec_handoff_invariant_control_basis_critical,61
Full SA-MCGS (locked main),full-sa-mcgs-locked,62_sec_ex2112_scc_4_temporal_gate,62,sec_ex21,scc_4,12,sec_temporal_quarter_close_gate_critical,False,True,True,True,0.5,6,,,,206.4426670074463,18,18,1,4,4,/Users/chenlong/WorkSpace/MCGS_Law/emnlp2026_discussion/component_ablation_runs/stage1_extra_midshort40_gpt4o_b60_ic4_cc4_20260711/results/62_sec_ex2112_scc_4_temporal_gate__full-sa-mcgs-locked.json,midshort40,12,medium (12-18),sec_ex21,scc_4,sec_temporal_quarter_close_gate_critical,62
No critical-pair ledger/revisit,no-critical-pair-ledger-revisit,62_sec_ex2112_scc_4_temporal_gate,62,sec_ex21,scc_4,12,sec_temporal_quarter_close_gate_critical,False,True,True,True,0.6666666666666667,4,60,60,101599,118.03956198692322,19,0,0,1,22,/Users/chenlong/WorkSpace/MCGS_Law/emnlp2026_discussion/component_ablation_runs/stage1_extra_midshort40_gpt4o_b60_ic4_cc4_20260711/results/62_sec_ex2112_scc_4_temporal_gate__no-critical-pair-ledger-revisit.json,midshort40,12,medium (12-18),sec_ex21,scc_4,sec_temporal_quarter_close_gate_critical,62
No relation-first memory,no-relation-first-memory,62_sec_ex2112_scc_4_temporal_gate,62,sec_ex21,scc_4,12,sec_temporal_quarter_close_gate_critical,False,True,True,True,0.5,6,60,60,96074,171.87331414222717,0,17,1,5,11,/Users/chenlong/WorkSpace/MCGS_Law/emnlp2026_discussion/component_ablation_runs/stage1_extra_midshort40_gpt4o_b60_ic4_cc4_20260711/results/62_sec_ex2112_scc_4_temporal_gate__no-relation-first-memory.json,midshort40,12,medium (12-18),sec_ex21,scc_4,sec_temporal_quarter_close_gate_critical,62
Random local-window selection,random-local-window-selection,62_sec_ex2112_scc_4_temporal_gate,62,sec_ex21,scc_4,12,sec_temporal_quarter_close_gate_critical,False,True,True,True,0.5,6,57,57,87067,155.2453968524933,0,20,1,2,2,/Users/chenlong/WorkSpace/MCGS_Law/emnlp2026_discussion/component_ablation_runs/stage1_extra_midshort40_gpt4o_b60_ic4_cc4_20260711/results/62_sec_ex2112_scc_4_temporal_gate__random-local-window-selection.json,midshort40,12,medium (12-18),sec_ex21,scc_4,sec_temporal_quarter_close_gate_critical,62
Full SA-MCGS (locked main),full-sa-mcgs-locked,63_bgb11_scc_0_condition_trigger,63,bgb,scc_0,11,bgb_condition_trigger_pending_notice_critical,False,True,True,True,0.5454545454545454,5,,,,215.94601607322693,18,20,3,1,1,/Users/chenlong/WorkSpace/MCGS_Law/emnlp2026_discussion/component_ablation_runs/stage1_extra_midshort40_gpt4o_b60_ic4_cc4_20260711/results/63_bgb11_scc_0_condition_trigger__full-sa-mcgs-locked.json,midshort40,11,small (9-11),bgb,scc_0,bgb_condition_trigger_pending_notice_critical,63
No critical-pair ledger/revisit,no-critical-pair-ledger-revisit,63_bgb11_scc_0_condition_trigger,63,bgb,scc_0,11,bgb_condition_trigger_pending_notice_critical,False,True,False,False,0.7272727272727273,3,57,58,147111,161.25223803520203,19,0,0,1,1,/Users/chenlong/WorkSpace/MCGS_Law/emnlp2026_discussion/component_ablation_runs/stage1_extra_midshort40_gpt4o_b60_ic4_cc4_20260711/results/63_bgb11_scc_0_condition_trigger__no-critical-pair-ledger-revisit.json,midshort40,11,small (9-11),bgb,scc_0,bgb_condition_trigger_pending_notice_critical,63
No relation-first memory,no-relation-first-memory,63_bgb11_scc_0_condition_trigger,63,bgb,scc_0,11,bgb_condition_trigger_pending_notice_critical,False,False,True,False,0.5454545454545454,5,60,62,157407,161.15252304077148,0,21,4,4,10,/Users/chenlong/WorkSpace/MCGS_Law/emnlp2026_discussion/component_ablation_runs/stage1_extra_midshort40_gpt4o_b60_ic4_cc4_20260711/results/63_bgb11_scc_0_condition_trigger__no-relation-first-memory.json,midshort40,11,small (9-11),bgb,scc_0,bgb_condition_trigger_pending_notice_critical,63
Random local-window selection,random-local-window-selection,63_bgb11_scc_0_condition_trigger,63,bgb,scc_0,11,bgb_condition_trigger_pending_notice_critical,False,True,True,False,0.5454545454545454,5,56,57,142234,150.17492413520813,0,19,2,2,26,/Users/chenlong/WorkSpace/MCGS_Law/emnlp2026_discussion/component_ablation_runs/stage1_extra_midshort40_gpt4o_b60_ic4_cc4_20260711/results/63_bgb11_scc_0_condition_trigger__random-local-window-selection.json,midshort40,11,small (9-11),bgb,scc_0,bgb_condition_trigger_pending_notice_critical,63
Full SA-MCGS (locked main),full-sa-mcgs-locked,64_bgb11_scc_0_handoff_invariant,64,bgb,scc_0,11,bgb_handoff_invariant_cure_class_critical,False,True,True,True,0.5454545454545454,5,,,,238.22163081169128,18,19,3,1,1,/Users/chenlong/WorkSpace/MCGS_Law/emnlp2026_discussion/component_ablation_runs/stage1_extra_midshort40_gpt4o_b60_ic4_cc4_20260711/results/64_bgb11_scc_0_handoff_invariant__full-sa-mcgs-locked.json,midshort40,11,small (9-11),bgb,scc_0,bgb_handoff_invariant_cure_class_critical,64
No critical-pair ledger/revisit,no-critical-pair-ledger-revisit,64_bgb11_scc_0_handoff_invariant,64,bgb,scc_0,11,bgb_handoff_invariant_cure_class_critical,False,False,True,False,0.6363636363636364,4,58,58,140213,137.56986021995544,19,0,0,1,1,/Users/chenlong/WorkSpace/MCGS_Law/emnlp2026_discussion/component_ablation_runs/stage1_extra_midshort40_gpt4o_b60_ic4_cc4_20260711/results/64_bgb11_scc_0_handoff_invariant__no-critical-pair-ledger-revisit.json,midshort40,11,small (9-11),bgb,scc_0,bgb_handoff_invariant_cure_class_critical,64
No relation-first memory,no-relation-first-memory,64_bgb11_scc_0_handoff_invariant,64,bgb,scc_0,11,bgb_handoff_invariant_cure_class_critical,False,True,True,True,0.5454545454545454,5,56,56,135600,135.8745141029358,0,20,4,1,3,/Users/chenlong/WorkSpace/MCGS_Law/emnlp2026_discussion/component_ablation_runs/stage1_extra_midshort40_gpt4o_b60_ic4_cc4_20260711/results/64_bgb11_scc_0_handoff_invariant__no-relation-first-memory.json,midshort40,11,small (9-11),bgb,scc_0,bgb_handoff_invariant_cure_class_critical,64
Random local-window selection,random-local-window-selection,64_bgb11_scc_0_handoff_invariant,64,bgb,scc_0,11,bgb_handoff_invariant_cure_class_critical,False,False,True,True,0.5454545454545454,5,57,57,139807,132.14354729652405,0,20,4,7,32,/Users/chenlong/WorkSpace/MCGS_Law/emnlp2026_discussion/component_ablation_runs/stage1_extra_midshort40_gpt4o_b60_ic4_cc4_20260711/results/64_bgb11_scc_0_handoff_invariant__random-local-window-selection.json,midshort40,11,small (9-11),bgb,scc_0,bgb_handoff_invariant_cure_class_critical,64
Full SA-MCGS (locked main),full-sa-mcgs-locked,65_bgb11_scc_0_temporal_gate,65,bgb,scc_0,11,bgb_temporal_grace_period_gate_critical,False,False,True,False,0.5454545454545454,5,,,,217.12787127494812,18,21,3,2,4,/Users/chenlong/WorkSpace/MCGS_Law/emnlp2026_discussion/component_ablation_runs/stage1_extra_midshort40_gpt4o_b60_ic4_cc4_20260711/results/65_bgb11_scc_0_temporal_gate__full-sa-mcgs-locked.json,midshort40,11,small (9-11),bgb,scc_0,bgb_temporal_grace_period_gate_critical,65
No critical-pair ledger/revisit,no-critical-pair-ledger-revisit,65_bgb11_scc_0_temporal_gate,65,bgb,scc_0,11,bgb_temporal_grace_period_gate_critical,False,False,True,False,0.5454545454545454,5,53,53,130453,210.31657791137695,19,0,0,1,1,/Users/chenlong/WorkSpace/MCGS_Law/emnlp2026_discussion/component_ablation_runs/stage1_extra_midshort40_gpt4o_b60_ic4_cc4_20260711/results/65_bgb11_scc_0_temporal_gate__no-critical-pair-ledger-revisit.json,midshort40,11,small (9-11),bgb,scc_0,bgb_temporal_grace_period_gate_critical,65
No relation-first memory,no-relation-first-memory,65_bgb11_scc_0_temporal_gate,65,bgb,scc_0,11,bgb_temporal_grace_period_gate_critical,False,True,True,True,0.5454545454545454,5,57,57,142948,207.04356288909912,0,18,5,1,1,/Users/chenlong/WorkSpace/MCGS_Law/emnlp2026_discussion/component_ablation_runs/stage1_extra_midshort40_gpt4o_b60_ic4_cc4_20260711/results/65_bgb11_scc_0_temporal_gate__no-relation-first-memory.json,midshort40,11,small (9-11),bgb,scc_0,bgb_temporal_grace_period_gate_critical,65
Random local-window selection,random-local-window-selection,65_bgb11_scc_0_temporal_gate,65,bgb,scc_0,11,bgb_temporal_grace_period_gate_critical,False,True,True,False,0.5454545454545454,5,56,56,143165,204.60936188697815,0,20,3,2,3,/Users/chenlong/WorkSpace/MCGS_Law/emnlp2026_discussion/component_ablation_runs/stage1_extra_midshort40_gpt4o_b60_ic4_cc4_20260711/results/65_bgb11_scc_0_temporal_gate__random-local-window-selection.json,midshort40,11,small (9-11),bgb,scc_0,bgb_temporal_grace_period_gate_critical,65
Full SA-MCGS (locked main),full-sa-mcgs-locked,66_debian11_scc_23_condition_trigger,66,debian,scc_23,11,debian_condition_trigger_partial_compatibility_critical,False,True,True,True,0.5454545454545454,5,,,,154.68285489082336,18,9,1,2,9,/Users/chenlong/WorkSpace/MCGS_Law/emnlp2026_discussion/component_ablation_runs/stage1_extra_midshort40_gpt4o_b60_ic4_cc4_20260711/results/66_debian11_scc_23_condition_trigger__full-sa-mcgs-locked.json,midshort40,11,small (9-11),debian,scc_23,debian_condition_trigger_partial_compatibility_critical,66
No critical-pair ledger/revisit,no-critical-pair-ledger-revisit,66_debian11_scc_23_condition_trigger,66,debian,scc_23,11,debian_condition_trigger_partial_compatibility_critical,False,True,True,True,0.6363636363636364,4,51,51,118115,111.5815761089325,19,0,0,1,3,/Users/chenlong/WorkSpace/MCGS_Law/emnlp2026_discussion/component_ablation_runs/stage1_extra_midshort40_gpt4o_b60_ic4_cc4_20260711/results/66_debian11_scc_23_condition_trigger__no-critical-pair-ledger-revisit.json,midshort40,11,small (9-11),debian,scc_23,debian_condition_trigger_partial_compatibility_critical,66
No relation-first memory,no-relation-first-memory,66_debian11_scc_23_condition_trigger,66,debian,scc_23,11,debian_condition_trigger_partial_compatibility_critical,False,True,True,True,0.5454545454545454,5,53,53,114893,128.40166306495667,0,11,1,1,2,/Users/chenlong/WorkSpace/MCGS_Law/emnlp2026_discussion/component_ablation_runs/stage1_extra_midshort40_gpt4o_b60_ic4_cc4_20260711/results/66_debian11_scc_23_condition_trigger__no-relation-first-memory.json,midshort40,11,small (9-11),debian,scc_23,debian_condition_trigger_partial_compatibility_critical,66
Random local-window selection,random-local-window-selection,66_debian11_scc_23_condition_trigger,66,debian,scc_23,11,debian_condition_trigger_partial_compatibility_critical,False,True,True,True,0.5454545454545454,5,49,49,106400,99.92826890945435,0,9,1,1,3,/Users/chenlong/WorkSpace/MCGS_Law/emnlp2026_discussion/component_ablation_runs/stage1_extra_midshort40_gpt4o_b60_ic4_cc4_20260711/results/66_debian11_scc_23_condition_trigger__random-local-window-selection.json,midshort40,11,small (9-11),debian,scc_23,debian_condition_trigger_partial_compatibility_critical,66
Full SA-MCGS (locked main),full-sa-mcgs-locked,67_debian11_scc_23_handoff_invariant,67,debian,scc_23,11,debian_handoff_invariant_abi_class_critical,False,True,True,True,0.5454545454545454,5,,,,145.78968214988708,18,8,0,3,8,/Users/chenlong/WorkSpace/MCGS_Law/emnlp2026_discussion/component_ablation_runs/stage1_extra_midshort40_gpt4o_b60_ic4_cc4_20260711/results/67_debian11_scc_23_handoff_invariant__full-sa-mcgs-locked.json,midshort40,11,small (9-11),debian,scc_23,debian_handoff_invariant_abi_class_critical,67
No critical-pair ledger/revisit,no-critical-pair-ledger-revisit,67_debian11_scc_23_handoff_invariant,67,debian,scc_23,11,debian_handoff_invariant_abi_class_critical,False,True,True,True,0.6363636363636364,4,52,52,122206,110.90242910385132,19,0,0,2,3,/Users/chenlong/WorkSpace/MCGS_Law/emnlp2026_discussion/component_ablation_runs/stage1_extra_midshort40_gpt4o_b60_ic4_cc4_20260711/results/67_debian11_scc_23_handoff_invariant__no-critical-pair-ledger-revisit.json,midshort40,11,small (9-11),debian,scc_23,debian_handoff_invariant_abi_class_critical,67
No relation-first memory,no-relation-first-memory,67_debian11_scc_23_handoff_invariant,67,debian,scc_23,11,debian_handoff_invariant_abi_class_critical,False,True,True,True,0.5454545454545454,5,56,56,122990,103.06010270118713,0,10,1,2,3,/Users/chenlong/WorkSpace/MCGS_Law/emnlp2026_discussion/component_ablation_runs/stage1_extra_midshort40_gpt4o_b60_ic4_cc4_20260711/results/67_debian11_scc_23_handoff_invariant__no-relation-first-memory.json,midshort40,11,small (9-11),debian,scc_23,debian_handoff_invariant_abi_class_critical,67
Random local-window selection,random-local-window-selection,67_debian11_scc_23_handoff_invariant,67,debian,scc_23,11,debian_handoff_invariant_abi_class_critical,False,True,True,True,0.5454545454545454,5,56,56,121893,104.64701700210571,0,9,2,1,2,/Users/chenlong/WorkSpace/MCGS_Law/emnlp2026_discussion/component_ablation_runs/stage1_extra_midshort40_gpt4o_b60_ic4_cc4_20260711/results/67_debian11_scc_23_handoff_invariant__random-local-window-selection.json,midshort40,11,small (9-11),debian,scc_23,debian_handoff_invariant_abi_class_critical,67
Full SA-MCGS (locked main),full-sa-mcgs-locked,68_debian11_scc_23_temporal_gate,68,debian,scc_23,11,debian_temporal_receipt_gate_critical,False,True,True,True,0.5454545454545454,5,,,,125.08899092674255,18,10,0,3,8,/Users/chenlong/WorkSpace/MCGS_Law/emnlp2026_discussion/component_ablation_runs/stage1_extra_midshort40_gpt4o_b60_ic4_cc4_20260711/results/68_debian11_scc_23_temporal_gate__full-sa-mcgs-locked.json,midshort40,11,small (9-11),debian,scc_23,debian_temporal_receipt_gate_critical,68
No critical-pair ledger/revisit,no-critical-pair-ledger-revisit,68_debian11_scc_23_temporal_gate,68,debian,scc_23,11,debian_temporal_receipt_gate_critical,False,True,True,True,0.6363636363636364,4,54,54,123234,110.51913905143738,19,0,0,1,3,/Users/chenlong/WorkSpace/MCGS_Law/emnlp2026_discussion/component_ablation_runs/stage1_extra_midshort40_gpt4o_b60_ic4_cc4_20260711/results/68_debian11_scc_23_temporal_gate__no-critical-pair-ledger-revisit.json,midshort40,11,small (9-11),debian,scc_23,debian_temporal_receipt_gate_critical,68
No relation-first memory,no-relation-first-memory,68_debian11_scc_23_temporal_gate,68,debian,scc_23,11,debian_temporal_receipt_gate_critical,False,False,True,True,0.5454545454545454,5,43,43,92315,108.23169159889221,0,12,0,1,3,/Users/chenlong/WorkSpace/MCGS_Law/emnlp2026_discussion/component_ablation_runs/stage1_extra_midshort40_gpt4o_b60_ic4_cc4_20260711/results/68_debian11_scc_23_temporal_gate__no-relation-first-memory.json,midshort40,11,small (9-11),debian,scc_23,debian_temporal_receipt_gate_critical,68
Random local-window selection,random-local-window-selection,68_debian11_scc_23_temporal_gate,68,debian,scc_23,11,debian_temporal_receipt_gate_critical,False,True,True,True,0.5454545454545454,5,49,49,107117,103.32052302360535,0,8,0,1,3,/Users/chenlong/WorkSpace/MCGS_Law/emnlp2026_discussion/component_ablation_runs/stage1_extra_midshort40_gpt4o_b60_ic4_cc4_20260711/results/68_debian11_scc_23_temporal_gate__random-local-window-selection.json,midshort40,11,small (9-11),debian,scc_23,debian_temporal_receipt_gate_critical,68
Full SA-MCGS (locked main),full-sa-mcgs-locked,69_sec_ex2111_scc_1_temporal_gate,69,sec_ex21,scc_1,11,sec_temporal_quarter_close_gate_critical,False,True,True,True,0.5454545454545454,5,,,,180.51474571228027,18,14,2,5,23,/Users/chenlong/WorkSpace/MCGS_Law/emnlp2026_discussion/component_ablation_runs/stage1_extra_midshort40_gpt4o_b60_ic4_cc4_20260711/results/69_sec_ex2111_scc_1_temporal_gate__full-sa-mcgs-locked.json,midshort40,11,small (9-11),sec_ex21,scc_1,sec_temporal_quarter_close_gate_critical,69
No critical-pair ledger/revisit,no-critical-pair-ledger-revisit,69_sec_ex2111_scc_1_temporal_gate,69,sec_ex21,scc_1,11,sec_temporal_quarter_close_gate_critical,False,True,True,False,0.7272727272727273,3,56,56,83869,191.77143120765686,19,0,0,1,5,/Users/chenlong/WorkSpace/MCGS_Law/emnlp2026_discussion/component_ablation_runs/stage1_extra_midshort40_gpt4o_b60_ic4_cc4_20260711/results/69_sec_ex2111_scc_1_temporal_gate__no-critical-pair-ledger-revisit.json,midshort40,11,small (9-11),sec_ex21,scc_1,sec_temporal_quarter_close_gate_critical,69
No relation-first memory,no-relation-first-memory,69_sec_ex2111_scc_1_temporal_gate,69,sec_ex21,scc_1,11,sec_temporal_quarter_close_gate_critical,False,True,True,False,0.5454545454545454,5,55,56,85122,180.0576319694519,0,12,1,1,2,/Users/chenlong/WorkSpace/MCGS_Law/emnlp2026_discussion/component_ablation_runs/stage1_extra_midshort40_gpt4o_b60_ic4_cc4_20260711/results/69_sec_ex2111_scc_1_temporal_gate__no-relation-first-memory.json,midshort40,11,small (9-11),sec_ex21,scc_1,sec_temporal_quarter_close_gate_critical,69
Random local-window selection,random-local-window-selection,69_sec_ex2111_scc_1_temporal_gate,69,sec_ex21,scc_1,11,sec_temporal_quarter_close_gate_critical,False,True,True,True,0.5454545454545454,5,51,51,72989,183.55758690834045,0,14,1,1,4,/Users/chenlong/WorkSpace/MCGS_Law/emnlp2026_discussion/component_ablation_runs/stage1_extra_midshort40_gpt4o_b60_ic4_cc4_20260711/results/69_sec_ex2111_scc_1_temporal_gate__random-local-window-selection.json,midshort40,11,small (9-11),sec_ex21,scc_1,sec_temporal_quarter_close_gate_critical,69
Full SA-MCGS (locked main),full-sa-mcgs-locked,70_sec_ex2111_scc_4_condition_trigger,70,sec_ex21,scc_4,11,sec_condition_trigger_unfiled_amendment_critical,False,True,True,True,0.5454545454545454,5,,,,141.51970195770264,18,15,3,3,9,/Users/chenlong/WorkSpace/MCGS_Law/emnlp2026_discussion/component_ablation_runs/stage1_extra_midshort40_gpt4o_b60_ic4_cc4_20260711/results/70_sec_ex2111_scc_4_condition_trigger__full-sa-mcgs-locked.json,midshort40,11,small (9-11),sec_ex21,scc_4,sec_condition_trigger_unfiled_amendment_critical,70
No critical-pair ledger/revisit,no-critical-pair-ledger-revisit,70_sec_ex2111_scc_4_condition_trigger,70,sec_ex21,scc_4,12,sec_condition_trigger_unfiled_amendment_critical,False,True,True,True,0.75,3,58,58,95093,121.36594915390015,19,0,0,5,18,/Users/chenlong/WorkSpace/MCGS_Law/emnlp2026_discussion/component_ablation_runs/stage1_extra_midshort40_gpt4o_b60_ic4_cc4_20260711/results/70_sec_ex2111_scc_4_condition_trigger__no-critical-pair-ledger-revisit.json,midshort40,11,small (9-11),sec_ex21,scc_4,sec_condition_trigger_unfiled_amendment_critical,70
No relation-first memory,no-relation-first-memory,70_sec_ex2111_scc_4_condition_trigger,70,sec_ex21,scc_4,12,sec_condition_trigger_unfiled_amendment_critical,False,True,True,True,0.5,6,60,60,99025,136.8910038471222,0,20,0,7,11,/Users/chenlong/WorkSpace/MCGS_Law/emnlp2026_discussion/component_ablation_runs/stage1_extra_midshort40_gpt4o_b60_ic4_cc4_20260711/results/70_sec_ex2111_scc_4_condition_trigger__no-relation-first-memory.json,midshort40,11,small (9-11),sec_ex21,scc_4,sec_condition_trigger_unfiled_amendment_critical,70
Random local-window selection,random-local-window-selection,70_sec_ex2111_scc_4_condition_trigger,70,sec_ex21,scc_4,12,sec_condition_trigger_unfiled_amendment_critical,False,True,True,True,0.5,6,58,58,88101,119.87714505195618,0,17,2,3,12,/Users/chenlong/WorkSpace/MCGS_Law/emnlp2026_discussion/component_ablation_runs/stage1_extra_midshort40_gpt4o_b60_ic4_cc4_20260711/results/70_sec_ex2111_scc_4_condition_trigger__random-local-window-selection.json,midshort40,11,small (9-11),sec_ex21,scc_4,sec_condition_trigger_unfiled_amendment_critical,70
Full SA-MCGS (locked main),full-sa-mcgs-locked,71_sec_ex2111_scc_7_handoff_invariant,71,sec_ex21,scc_7,11,sec_handoff_invariant_control_basis_critical,False,True,True,True,0.5454545454545454,5,,,,179.24570298194885,18,12,4,2,4,/Users/chenlong/WorkSpace/MCGS_Law/emnlp2026_discussion/component_ablation_runs/stage1_extra_midshort40_gpt4o_b60_ic4_cc4_20260711/results/71_sec_ex2111_scc_7_handoff_invariant__full-sa-mcgs-locked.json,midshort40,11,small (9-11),sec_ex21,scc_7,sec_handoff_invariant_control_basis_critical,71
No critical-pair ledger/revisit,no-critical-pair-ledger-revisit,71_sec_ex2111_scc_7_handoff_invariant,71,sec_ex21,scc_7,10,sec_handoff_invariant_control_basis_critical,False,True,True,True,0.7,3,60,60,91913,109.3936288356781,19,0,0,1,7,/Users/chenlong/WorkSpace/MCGS_Law/emnlp2026_discussion/component_ablation_runs/stage1_extra_midshort40_gpt4o_b60_ic4_cc4_20260711/results/71_sec_ex2111_scc_7_handoff_invariant__no-critical-pair-ledger-revisit.json,midshort40,11,small (9-11),sec_ex21,scc_7,sec_handoff_invariant_control_basis_critical,71
No relation-first memory,no-relation-first-memory,71_sec_ex2111_scc_7_handoff_invariant,71,sec_ex21,scc_7,10,sec_handoff_invariant_control_basis_critical,False,True,True,True,0.5,5,60,60,91914,105.80671882629395,0,10,0,1,3,/Users/chenlong/WorkSpace/MCGS_Law/emnlp2026_discussion/component_ablation_runs/stage1_extra_midshort40_gpt4o_b60_ic4_cc4_20260711/results/71_sec_ex2111_scc_7_handoff_invariant__no-relation-first-memory.json,midshort40,11,small (9-11),sec_ex21,scc_7,sec_handoff_invariant_control_basis_critical,71
Random local-window selection,random-local-window-selection,71_sec_ex2111_scc_7_handoff_invariant,71,sec_ex21,scc_7,10,sec_handoff_invariant_control_basis_critical,False,True,True,False,0.5,5,51,51,76995,113.98816180229187,0,8,0,1,12,/Users/chenlong/WorkSpace/MCGS_Law/emnlp2026_discussion/component_ablation_runs/stage1_extra_midshort40_gpt4o_b60_ic4_cc4_20260711/results/71_sec_ex2111_scc_7_handoff_invariant__random-local-window-selection.json,midshort40,11,small (9-11),sec_ex21,scc_7,sec_handoff_invariant_control_basis_critical,71
Full SA-MCGS (locked main),full-sa-mcgs-locked,72_sec_ex2110_scc_2_condition_trigger,72,sec_ex21,scc_2,10,sec_condition_trigger_unfiled_amendment_critical,False,True,True,False,0.5,5,,,,155.39109206199646,18,9,1,1,5,/Users/chenlong/WorkSpace/MCGS_Law/emnlp2026_discussion/component_ablation_runs/stage1_extra_midshort40_gpt4o_b60_ic4_cc4_20260711/results/72_sec_ex2110_scc_2_condition_trigger__full-sa-mcgs-locked.json,midshort40,10,small (9-11),sec_ex21,scc_2,sec_condition_trigger_unfiled_amendment_critical,72
No critical-pair ledger/revisit,no-critical-pair-ledger-revisit,72_sec_ex2110_scc_2_condition_trigger,72,sec_ex21,scc_2,11,sec_condition_trigger_unfiled_amendment_critical,False,True,True,True,0.7272727272727273,3,60,60,121126,125.24231123924255,19,0,0,1,1,/Users/chenlong/WorkSpace/MCGS_Law/emnlp2026_discussion/component_ablation_runs/stage1_extra_midshort40_gpt4o_b60_ic4_cc4_20260711/results/72_sec_ex2110_scc_2_condition_trigger__no-critical-pair-ledger-revisit.json,midshort40,10,small (9-11),sec_ex21,scc_2,sec_condition_trigger_unfiled_amendment_critical,72
No relation-first memory,no-relation-first-memory,72_sec_ex2110_scc_2_condition_trigger,72,sec_ex21,scc_2,11,sec_condition_trigger_unfiled_amendment_critical,False,True,True,True,0.5454545454545454,5,60,60,120969,134.1696698665619,0,29,3,1,5,/Users/chenlong/WorkSpace/MCGS_Law/emnlp2026_discussion/component_ablation_runs/stage1_extra_midshort40_gpt4o_b60_ic4_cc4_20260711/results/72_sec_ex2110_scc_2_condition_trigger__no-relation-first-memory.json,midshort40,10,small (9-11),sec_ex21,scc_2,sec_condition_trigger_unfiled_amendment_critical,72
Random local-window selection,random-local-window-selection,72_sec_ex2110_scc_2_condition_trigger,72,sec_ex21,scc_2,11,sec_condition_trigger_unfiled_amendment_critical,False,True,True,False,0.5454545454545454,5,60,60,119077,127.65799307823181,0,31,2,1,10,/Users/chenlong/WorkSpace/MCGS_Law/emnlp2026_discussion/component_ablation_runs/stage1_extra_midshort40_gpt4o_b60_ic4_cc4_20260711/results/72_sec_ex2110_scc_2_condition_trigger__random-local-window-selection.json,midshort40,10,small (9-11),sec_ex21,scc_2,sec_condition_trigger_unfiled_amendment_critical,72
Full SA-MCGS (locked main),full-sa-mcgs-locked,73_sec_ex2110_scc_2_temporal_gate,73,sec_ex21,scc_2,10,sec_temporal_quarter_close_gate_critical,False,True,True,False,0.5,5,,,,135.00312876701355,18,8,1,1,2,/Users/chenlong/WorkSpace/MCGS_Law/emnlp2026_discussion/component_ablation_runs/stage1_extra_midshort40_gpt4o_b60_ic4_cc4_20260711/results/73_sec_ex2110_scc_2_temporal_gate__full-sa-mcgs-locked.json,midshort40,10,small (9-11),sec_ex21,scc_2,sec_temporal_quarter_close_gate_critical,73
No critical-pair ledger/revisit,no-critical-pair-ledger-revisit,73_sec_ex2110_scc_2_temporal_gate,73,sec_ex21,scc_2,11,sec_temporal_quarter_close_gate_critical,False,True,True,True,0.6363636363636364,4,59,59,121181,128.3865978717804,19,0,0,1,1,/Users/chenlong/WorkSpace/MCGS_Law/emnlp2026_discussion/component_ablation_runs/stage1_extra_midshort40_gpt4o_b60_ic4_cc4_20260711/results/73_sec_ex2110_scc_2_temporal_gate__no-critical-pair-ledger-revisit.json,midshort40,10,small (9-11),sec_ex21,scc_2,sec_temporal_quarter_close_gate_critical,73
No relation-first memory,no-relation-first-memory,73_sec_ex2110_scc_2_temporal_gate,73,sec_ex21,scc_2,11,sec_temporal_quarter_close_gate_critical,False,True,True,False,0.5454545454545454,5,59,59,112988,115.7960569858551,0,33,1,1,2,/Users/chenlong/WorkSpace/MCGS_Law/emnlp2026_discussion/component_ablation_runs/stage1_extra_midshort40_gpt4o_b60_ic4_cc4_20260711/results/73_sec_ex2110_scc_2_temporal_gate__no-relation-first-memory.json,midshort40,10,small (9-11),sec_ex21,scc_2,sec_temporal_quarter_close_gate_critical,73
Random local-window selection,random-local-window-selection,73_sec_ex2110_scc_2_temporal_gate,73,sec_ex21,scc_2,11,sec_temporal_quarter_close_gate_critical,False,True,True,False,0.5454545454545454,5,60,60,116892,114.11967301368713,0,30,2,2,9,/Users/chenlong/WorkSpace/MCGS_Law/emnlp2026_discussion/component_ablation_runs/stage1_extra_midshort40_gpt4o_b60_ic4_cc4_20260711/results/73_sec_ex2110_scc_2_temporal_gate__random-local-window-selection.json,midshort40,10,small (9-11),sec_ex21,scc_2,sec_temporal_quarter_close_gate_critical,73
Full SA-MCGS (locked main),full-sa-mcgs-locked,74_sec_ex2110_scc_5_handoff_invariant,74,sec_ex21,scc_5,10,sec_handoff_invariant_control_basis_critical,False,True,True,False,0.5,5,,,,140.745609998703,18,8,1,1,3,/Users/chenlong/WorkSpace/MCGS_Law/emnlp2026_discussion/component_ablation_runs/stage1_extra_midshort40_gpt4o_b60_ic4_cc4_20260711/results/74_sec_ex2110_scc_5_handoff_invariant__full-sa-mcgs-locked.json,midshort40,10,small (9-11),sec_ex21,scc_5,sec_handoff_invariant_control_basis_critical,74
No critical-pair ledger/revisit,no-critical-pair-ledger-revisit,74_sec_ex2110_scc_5_handoff_invariant,74,sec_ex21,scc_5,11,sec_handoff_invariant_control_basis_critical,False,True,True,True,0.6363636363636364,4,59,60,95583,128.45436310768127,19,0,0,2,14,/Users/chenlong/WorkSpace/MCGS_Law/emnlp2026_discussion/component_ablation_runs/stage1_extra_midshort40_gpt4o_b60_ic4_cc4_20260711/results/74_sec_ex2110_scc_5_handoff_invariant__no-critical-pair-ledger-revisit.json,midshort40,10,small (9-11),sec_ex21,scc_5,sec_handoff_invariant_control_basis_critical,74
No relation-first memory,no-relation-first-memory,74_sec_ex2110_scc_5_handoff_invariant,74,sec_ex21,scc_5,11,sec_handoff_invariant_control_basis_critical,False,True,True,True,0.5454545454545454,5,57,57,86279,107.48616075515747,0,14,2,3,6,/Users/chenlong/WorkSpace/MCGS_Law/emnlp2026_discussion/component_ablation_runs/stage1_extra_midshort40_gpt4o_b60_ic4_cc4_20260711/results/74_sec_ex2110_scc_5_handoff_invariant__no-relation-first-memory.json,midshort40,10,small (9-11),sec_ex21,scc_5,sec_handoff_invariant_control_basis_critical,74
Random local-window selection,random-local-window-selection,74_sec_ex2110_scc_5_handoff_invariant,74,sec_ex21,scc_5,11,sec_handoff_invariant_control_basis_critical,False,True,True,True,0.5454545454545454,5,57,57,89620,110.81023120880127,0,17,6,1,39,/Users/chenlong/WorkSpace/MCGS_Law/emnlp2026_discussion/component_ablation_runs/stage1_extra_midshort40_gpt4o_b60_ic4_cc4_20260711/results/74_sec_ex2110_scc_5_handoff_invariant__random-local-window-selection.json,midshort40,10,small (9-11),sec_ex21,scc_5,sec_handoff_invariant_control_basis_critical,74
Full SA-MCGS (locked main),full-sa-mcgs-locked,75_bgb9_scc_7_condition_trigger,75,bgb,scc_7,9,bgb_condition_trigger_pending_notice_critical,False,True,True,False,0.4444444444444444,5,,,,254.7003529071808,18,15,1,1,,/Users/chenlong/WorkSpace/MCGS_Law/emnlp2026_discussion/component_ablation_runs/stage1_extra_midshort40_gpt4o_b60_ic4_cc4_20260711/results/75_bgb9_scc_7_condition_trigger__full-sa-mcgs-locked.json,midshort40,9,small (9-11),bgb,scc_7,bgb_condition_trigger_pending_notice_critical,75
No critical-pair ledger/revisit,no-critical-pair-ledger-revisit,75_bgb9_scc_7_condition_trigger,75,bgb,scc_7,9,bgb_condition_trigger_pending_notice_critical,False,True,True,False,0.6666666666666667,3,55,56,189063,152.81942915916443,19,0,0,1,1,/Users/chenlong/WorkSpace/MCGS_Law/emnlp2026_discussion/component_ablation_runs/stage1_extra_midshort40_gpt4o_b60_ic4_cc4_20260711/results/75_bgb9_scc_7_condition_trigger__no-critical-pair-ledger-revisit.json,midshort40,9,small (9-11),bgb,scc_7,bgb_condition_trigger_pending_notice_critical,75
No relation-first memory,no-relation-first-memory,75_bgb9_scc_7_condition_trigger,75,bgb,scc_7,9,bgb_condition_trigger_pending_notice_critical,False,True,True,True,0.4444444444444444,5,57,57,191051,142.8335828781128,0,18,0,3,3,/Users/chenlong/WorkSpace/MCGS_Law/emnlp2026_discussion/component_ablation_runs/stage1_extra_midshort40_gpt4o_b60_ic4_cc4_20260711/results/75_bgb9_scc_7_condition_trigger__no-relation-first-memory.json,midshort40,9,small (9-11),bgb,scc_7,bgb_condition_trigger_pending_notice_critical,75
Random local-window selection,random-local-window-selection,75_bgb9_scc_7_condition_trigger,75,bgb,scc_7,9,bgb_condition_trigger_pending_notice_critical,False,True,True,True,0.4444444444444444,5,56,58,190011,161.9609341621399,0,18,1,2,36,/Users/chenlong/WorkSpace/MCGS_Law/emnlp2026_discussion/component_ablation_runs/stage1_extra_midshort40_gpt4o_b60_ic4_cc4_20260711/results/75_bgb9_scc_7_condition_trigger__random-local-window-selection.json,midshort40,9,small (9-11),bgb,scc_7,bgb_condition_trigger_pending_notice_critical,75
Full SA-MCGS (locked main),full-sa-mcgs-locked,76_bgb9_scc_7_handoff_invariant,76,bgb,scc_7,9,bgb_handoff_invariant_cure_class_critical,False,False,True,True,0.4444444444444444,5,,,,250.99414706230164,18,16,1,5,48,/Users/chenlong/WorkSpace/MCGS_Law/emnlp2026_discussion/component_ablation_runs/stage1_extra_midshort40_gpt4o_b60_ic4_cc4_20260711/results/76_bgb9_scc_7_handoff_invariant__full-sa-mcgs-locked.json,midshort40,9,small (9-11),bgb,scc_7,bgb_handoff_invariant_cure_class_critical,76
No critical-pair ledger/revisit,no-critical-pair-ledger-revisit,76_bgb9_scc_7_handoff_invariant,76,bgb,scc_7,9,bgb_handoff_invariant_cure_class_critical,False,False,False,False,0.5555555555555556,4,55,55,187690,134.2799370288849,19,0,0,2,2,/Users/chenlong/WorkSpace/MCGS_Law/emnlp2026_discussion/component_ablation_runs/stage1_extra_midshort40_gpt4o_b60_ic4_cc4_20260711/results/76_bgb9_scc_7_handoff_invariant__no-critical-pair-ledger-revisit.json,midshort40,9,small (9-11),bgb,scc_7,bgb_handoff_invariant_cure_class_critical,76
No relation-first memory,no-relation-first-memory,76_bgb9_scc_7_handoff_invariant,76,bgb,scc_7,9,bgb_handoff_invariant_cure_class_critical,False,True,True,True,0.4444444444444444,5,57,57,193317,155.40924906730652,0,16,0,3,4,/Users/chenlong/WorkSpace/MCGS_Law/emnlp2026_discussion/component_ablation_runs/stage1_extra_midshort40_gpt4o_b60_ic4_cc4_20260711/results/76_bgb9_scc_7_handoff_invariant__no-relation-first-memory.json,midshort40,9,small (9-11),bgb,scc_7,bgb_handoff_invariant_cure_class_critical,76
Random local-window selection,random-local-window-selection,76_bgb9_scc_7_handoff_invariant,76,bgb,scc_7,9,bgb_handoff_invariant_cure_class_critical,False,True,True,True,0.4444444444444444,5,59,59,196583,146.97444891929626,0,16,1,3,3,/Users/chenlong/WorkSpace/MCGS_Law/emnlp2026_discussion/component_ablation_runs/stage1_extra_midshort40_gpt4o_b60_ic4_cc4_20260711/results/76_bgb9_scc_7_handoff_invariant__random-local-window-selection.json,midshort40,9,small (9-11),bgb,scc_7,bgb_handoff_invariant_cure_class_critical,76
Full SA-MCGS (locked main),full-sa-mcgs-locked,77_bgb9_scc_7_temporal_gate,77,bgb,scc_7,9,bgb_temporal_grace_period_gate_critical,False,True,True,True,0.4444444444444444,5,,,,236.33411192893982,18,17,2,12,24,/Users/chenlong/WorkSpace/MCGS_Law/emnlp2026_discussion/component_ablation_runs/stage1_extra_midshort40_gpt4o_b60_ic4_cc4_20260711/results/77_bgb9_scc_7_temporal_gate__full-sa-mcgs-locked.json,midshort40,9,small (9-11),bgb,scc_7,bgb_temporal_grace_period_gate_critical,77
No critical-pair ledger/revisit,no-critical-pair-ledger-revisit,77_bgb9_scc_7_temporal_gate,77,bgb,scc_7,9,bgb_temporal_grace_period_gate_critical,False,False,True,False,0.5555555555555556,4,55,55,190461,154.4865231513977,19,0,0,1,1,/Users/chenlong/WorkSpace/MCGS_Law/emnlp2026_discussion/component_ablation_runs/stage1_extra_midshort40_gpt4o_b60_ic4_cc4_20260711/results/77_bgb9_scc_7_temporal_gate__no-critical-pair-ledger-revisit.json,midshort40,9,small (9-11),bgb,scc_7,bgb_temporal_grace_period_gate_critical,77
No relation-first memory,no-relation-first-memory,77_bgb9_scc_7_temporal_gate,77,bgb,scc_7,9,bgb_temporal_grace_period_gate_critical,False,True,True,True,0.4444444444444444,5,60,60,202974,148.1863250732422,0,18,1,3,,/Users/chenlong/WorkSpace/MCGS_Law/emnlp2026_discussion/component_ablation_runs/stage1_extra_midshort40_gpt4o_b60_ic4_cc4_20260711/results/77_bgb9_scc_7_temporal_gate__no-relation-first-memory.json,midshort40,9,small (9-11),bgb,scc_7,bgb_temporal_grace_period_gate_critical,77
Random local-window selection,random-local-window-selection,77_bgb9_scc_7_temporal_gate,77,bgb,scc_7,9,bgb_temporal_grace_period_gate_critical,False,True,True,True,0.4444444444444444,5,59,59,195346,139.26656579971313,0,18,2,1,26,/Users/chenlong/WorkSpace/MCGS_Law/emnlp2026_discussion/component_ablation_runs/stage1_extra_midshort40_gpt4o_b60_ic4_cc4_20260711/results/77_bgb9_scc_7_temporal_gate__random-local-window-selection.json,midshort40,9,small (9-11),bgb,scc_7,bgb_temporal_grace_period_gate_critical,77
Full SA-MCGS (locked main),full-sa-mcgs-locked,78_sec_ex219_scc_0_handoff_invariant,78,sec_ex21,scc_0,9,sec_handoff_invariant_control_basis_critical,False,True,True,True,0.4444444444444444,5,,,,163.20630502700806,18,9,1,1,11,/Users/chenlong/WorkSpace/MCGS_Law/emnlp2026_discussion/component_ablation_runs/stage1_extra_midshort40_gpt4o_b60_ic4_cc4_20260711/results/78_sec_ex219_scc_0_handoff_invariant__full-sa-mcgs-locked.json,midshort40,9,small (9-11),sec_ex21,scc_0,sec_handoff_invariant_control_basis_critical,78
No critical-pair ledger/revisit,no-critical-pair-ledger-revisit,78_sec_ex219_scc_0_handoff_invariant,78,sec_ex21,scc_0,9,sec_handoff_invariant_control_basis_critical,False,True,True,True,0.6666666666666667,3,56,56,86890,122.83772397041321,19,0,0,1,19,/Users/chenlong/WorkSpace/MCGS_Law/emnlp2026_discussion/component_ablation_runs/stage1_extra_midshort40_gpt4o_b60_ic4_cc4_20260711/results/78_sec_ex219_scc_0_handoff_invariant__no-critical-pair-ledger-revisit.json,midshort40,9,small (9-11),sec_ex21,scc_0,sec_handoff_invariant_control_basis_critical,78
No relation-first memory,no-relation-first-memory,78_sec_ex219_scc_0_handoff_invariant,78,sec_ex21,scc_0,9,sec_handoff_invariant_control_basis_critical,False,True,True,True,0.4444444444444444,5,57,57,85052,108.7917377948761,0,10,0,1,8,/Users/chenlong/WorkSpace/MCGS_Law/emnlp2026_discussion/component_ablation_runs/stage1_extra_midshort40_gpt4o_b60_ic4_cc4_20260711/results/78_sec_ex219_scc_0_handoff_invariant__no-relation-first-memory.json,midshort40,9,small (9-11),sec_ex21,scc_0,sec_handoff_invariant_control_basis_critical,78
Random local-window selection,random-local-window-selection,78_sec_ex219_scc_0_handoff_invariant,78,sec_ex21,scc_0,9,sec_handoff_invariant_control_basis_critical,False,True,True,True,0.4444444444444444,5,50,50,76552,106.26972603797913,0,9,1,2,15,/Users/chenlong/WorkSpace/MCGS_Law/emnlp2026_discussion/component_ablation_runs/stage1_extra_midshort40_gpt4o_b60_ic4_cc4_20260711/results/78_sec_ex219_scc_0_handoff_invariant__random-local-window-selection.json,midshort40,9,small (9-11),sec_ex21,scc_0,sec_handoff_invariant_control_basis_critical,78
Full SA-MCGS (locked main),full-sa-mcgs-locked,79_sec_ex219_scc_1_temporal_gate,79,sec_ex21,scc_1,9,sec_temporal_quarter_close_gate_critical,False,True,True,True,0.4444444444444444,5,,,,185.22025084495544,18,11,0,1,9,/Users/chenlong/WorkSpace/MCGS_Law/emnlp2026_discussion/component_ablation_runs/stage1_extra_midshort40_gpt4o_b60_ic4_cc4_20260711/results/79_sec_ex219_scc_1_temporal_gate__full-sa-mcgs-locked.json,midshort40,9,small (9-11),sec_ex21,scc_1,sec_temporal_quarter_close_gate_critical,79
No critical-pair ledger/revisit,no-critical-pair-ledger-revisit,79_sec_ex219_scc_1_temporal_gate,79,sec_ex21,scc_1,11,sec_temporal_quarter_close_gate_critical,False,True,True,True,0.5454545454545454,5,59,59,89799,120.63146996498108,19,0,0,1,4,/Users/chenlong/WorkSpace/MCGS_Law/emnlp2026_discussion/component_ablation_runs/stage1_extra_midshort40_gpt4o_b60_ic4_cc4_20260711/results/79_sec_ex219_scc_1_temporal_gate__no-critical-pair-ledger-revisit.json,midshort40,9,small (9-11),sec_ex21,scc_1,sec_temporal_quarter_close_gate_critical,79
No relation-first memory,no-relation-first-memory,79_sec_ex219_scc_1_temporal_gate,79,sec_ex21,scc_1,11,sec_temporal_quarter_close_gate_critical,False,True,True,True,0.5454545454545454,5,58,58,85370,102.70655179023743,0,11,0,1,3,/Users/chenlong/WorkSpace/MCGS_Law/emnlp2026_discussion/component_ablation_runs/stage1_extra_midshort40_gpt4o_b60_ic4_cc4_20260711/results/79_sec_ex219_scc_1_temporal_gate__no-relation-first-memory.json,midshort40,9,small (9-11),sec_ex21,scc_1,sec_temporal_quarter_close_gate_critical,79
Random local-window selection,random-local-window-selection,79_sec_ex219_scc_1_temporal_gate,79,sec_ex21,scc_1,11,sec_temporal_quarter_close_gate_critical,False,True,True,True,0.5454545454545454,5,53,53,75531,106.10075902938843,0,13,0,2,18,/Users/chenlong/WorkSpace/MCGS_Law/emnlp2026_discussion/component_ablation_runs/stage1_extra_midshort40_gpt4o_b60_ic4_cc4_20260711/results/79_sec_ex219_scc_1_temporal_gate__random-local-window-selection.json,midshort40,9,small (9-11),sec_ex21,scc_1,sec_temporal_quarter_close_gate_critical,79
Full SA-MCGS (locked main),full-sa-mcgs-locked,80_sec_ex219_scc_6_condition_trigger,80,sec_ex21,scc_6,9,sec_condition_trigger_unfiled_amendment_critical,False,True,True,True,0.4444444444444444,5,,,,181.25031685829163,18,10,1,1,5,/Users/chenlong/WorkSpace/MCGS_Law/emnlp2026_discussion/component_ablation_runs/stage1_extra_midshort40_gpt4o_b60_ic4_cc4_20260711/results/80_sec_ex219_scc_6_condition_trigger__full-sa-mcgs-locked.json,midshort40,9,small (9-11),sec_ex21,scc_6,sec_condition_trigger_unfiled_amendment_critical,80
No critical-pair ledger/revisit,no-critical-pair-ledger-revisit,80_sec_ex219_scc_6_condition_trigger,80,sec_ex21,scc_6,18,sec_condition_trigger_unfiled_amendment_critical,False,True,True,True,0.7777777777777778,4,60,60,115830,114.28417491912842,19,0,0,1,37,/Users/chenlong/WorkSpace/MCGS_Law/emnlp2026_discussion/component_ablation_runs/stage1_extra_midshort40_gpt4o_b60_ic4_cc4_20260711/results/80_sec_ex219_scc_6_condition_trigger__no-critical-pair-ledger-revisit.json,midshort40,9,small (9-11),sec_ex21,scc_6,sec_condition_trigger_unfiled_amendment_critical,80
No relation-first memory,no-relation-first-memory,80_sec_ex219_scc_6_condition_trigger,80,sec_ex21,scc_6,18,sec_condition_trigger_unfiled_amendment_critical,False,True,True,True,0.5,9,60,60,108276,109.16223907470703,0,24,10,1,10,/Users/chenlong/WorkSpace/MCGS_Law/emnlp2026_discussion/component_ablation_runs/stage1_extra_midshort40_gpt4o_b60_ic4_cc4_20260711/results/80_sec_ex219_scc_6_condition_trigger__no-relation-first-memory.json,midshort40,9,small (9-11),sec_ex21,scc_6,sec_condition_trigger_unfiled_amendment_critical,80
Random local-window selection,random-local-window-selection,80_sec_ex219_scc_6_condition_trigger,80,sec_ex21,scc_6,18,sec_condition_trigger_unfiled_amendment_critical,False,True,True,False,0.5,9,58,58,95668,103.82721996307373,0,16,13,2,4,/Users/chenlong/WorkSpace/MCGS_Law/emnlp2026_discussion/component_ablation_runs/stage1_extra_midshort40_gpt4o_b60_ic4_cc4_20260711/results/80_sec_ex219_scc_6_condition_trigger__random-local-window-selection.json,midshort40,9,small (9-11),sec_ex21,scc_6,sec_condition_trigger_unfiled_amendment_critical,80
